index,project name,commit hash,parent hash,extract type,origin class,new class,commit message,url,data path,split number
46,Activiti_Activiti,16e4a7f94b20ff6ff79c4be2238a17e2468713b4,ae2b65700df426e32b1b824b3b2f369230d00e0c,extractClass,com.activiti.service.editor.ModelServiceImpl,com.activiti.service.editor.ModelServiceImpl com.activiti.service.editor.ModelImageService ,App deployment refactoring ,https://github.com/Activiti/Activiti/commit/16e4a7f94b20ff6ff79c4be2238a17e2468713b4,god_class_refactor_examples/46+Activiti_Activiti+16e4a+ModelServiceImpl+ModelImageService.csv,1
53,Activiti_Activiti,b12bf8c6bfcb77765613e19b79198ee9a8842afe,b8bfda4eff7fcc9b0362fc74225e60f3b912518a,extractSuperclass,org.activiti.engine.impl.persistence.entity.IdentityInfoEntityImpl,org.activiti.engine.impl.persistence.entity.IdentityInfoEntityImpl org.activiti.engine.impl.persistence.entity.AbstractEntity ,"Two new experimental flags: execution tree caching and related entity counting (#971)  * Porting https://github.com/Activiti/Activiti/tree/entity-cache-proposal branch to the latest state of v6: introducing two new experimental flags to 1) cache execution trees during the lifetime of a command and 2) keep a count on executions to avoid deletes.  This commit contains the basics to get the -Pcheck running and the optimization config working. However, still needs a general rollout. Also, timers/suspended/DL jobs not yet done.    * Entity-caching v2: adding support for timer/suspended/DL job count on execution.    * More work on entity cache/count experiment:  * Moving Entity interface to impl.persistence.entity class (not specific to db)  * Introduced abstract superclass for all entities  * All entities now have a isInserted/isUpdated/isDeleted method  * Which is then used in a heuristic little check to avoid checking for historic activity instances (when execution is inserted, no need to check db for historic activity instances, can never happen)    * More work on entity cache/count functionality: fixes for new job types    * Small fixes.    * Implemented execution caching for all queries.    * Added simple global switch to disable localization on queries    * Entity counting: added simple unit test + fixed v5 test run + added upgrade scripts  ",https://github.com/Activiti/Activiti/commit/b12bf8c6bfcb77765613e19b79198ee9a8842afe,god_class_refactor_examples/53+Activiti_Activiti+b12bf+IdentityInfoEntityImpl+AbstractEntity.csv,1
79,Activiti_Activiti,30899a552baa9b443ed1a0fa16eedc7ed3e05a13,88216679a73214201b9e52803b555807a8af9f31,extractSuperclass,org.activiti.engine.impl.asyncexecutor.DefaultAsyncJobExecutor,org.activiti.engine.impl.asyncexecutor.DefaultAsyncJobExecutor org.activiti.engine.impl.asyncexecutor.AbstractAsyncJobExecutor ,(2) DefaultAsyncJobExecutor refactoring. ,https://github.com/Activiti/Activiti/commit/30899a552baa9b443ed1a0fa16eedc7ed3e05a13,god_class_refactor_examples/79+Activiti_Activiti+30899+DefaultAsyncJobExecutor+AbstractAsyncJobExecutor.csv,1
168,Activiti_Activiti,0036b74af8e1e6bcbdda06179693c310ce164a15,7d364a9de320b94f01b3c5d7ead06553cf600b14,extractClass,org.activiti.engine.impl.bpmn.parser.BpmnParse,org.activiti.engine.impl.bpmn.parser.BpmnParse org.activiti.engine.impl.bpmn.parser.handler.AbstractBpmnParseHandler org.activiti.engine.impl.bpmn.parser.handler.ErrorEventDefinitionParseHandler ,"ACT-1553: Refactor BpmnParse to use separate handlers for each bpmn element (first cut, working, but needs some extra cleanup love) ",https://github.com/Activiti/Activiti/commit/0036b74af8e1e6bcbdda06179693c310ce164a15,god_class_refactor_examples/168+Activiti_Activiti+0036b+BpmnParse+ErrorEventDefinitionParseHandler.csv,2
193,Activiti_Activiti,6ed56300662f449a6eeae96277e484c3e5d71629,99ee22fde09a3a17e4a85b9a6dccbaf3e5ceaded,extractSubclass,org.activiti.engine.impl.jobexecutor.JobExecutor,org.activiti.engine.impl.jobexecutor.JobExecutor org.activiti.engine.impl.jobexecutor.DefaultJobExecutor ,ACT-34 merging branch ,https://github.com/Activiti/Activiti/commit/6ed56300662f449a6eeae96277e484c3e5d71629,god_class_refactor_examples/193+Activiti_Activiti+6ed56+JobExecutor+DefaultJobExecutor.csv,1
236,Activiti_Activiti,3237ea8ad276e3f5ffaa149faece52c1c63a6aa5,f3851069424e8edfa209ea635ad731c359c3dfd3,extractClass,org.activiti.cycle.CycleLink,org.activiti.cycle.CycleLink org.activiti.cycle.CycleLinkTarget ,Added new class CycleLinkTarget. Copied methods from SessionUtil class in CycleServiceDbXStream class. Marked methods as deprecated in SessionUtil class. Changed CycleLink class. ,https://github.com/Activiti/Activiti/commit/3237ea8ad276e3f5ffaa149faece52c1c63a6aa5,god_class_refactor_examples/236+Activiti_Activiti+3237e+CycleLink+CycleLinkTarget.csv,1
238,Activiti_Activiti,c09b87988749ea1b2de3d5fa6c527c5ee0614998,98b691e0e0ee26fd52648d7be79361410dc623f5,extractClass,org.activiti.rest.util.ActivitiWebScript,org.activiti.rest.util.ActivitiWebScript org.activiti.rest.util.ActivitiRequest ,"Implemented ACT-140 ""REST API for Show process definition diagram"" & REST API refactor to make streaming binary code common - Moved common binary streaming code from ContentGet to ActivitiStreamingWebScript  - New Class ActivitiRequest that now wrapps the getMandatory[String/PathParam/Int] code so it can be used in both Activiti base webscript classes - Now extend the activitiStreamingWebscript (in web-application-context.xml) & ActivitiStreamingWebScript (in XxxGet.java) for webscripts that return test and/or binary data such as images   ",https://github.com/Activiti/Activiti/commit/c09b87988749ea1b2de3d5fa6c527c5ee0614998,god_class_refactor_examples/238+Activiti_Activiti+c09b8+ActivitiWebScript+ActivitiRequest.csv,1
252,Activiti_Activiti,51bcbd6a942fbe30237c4245f035411802d5d901,7262dc3913045001cbc658a8474e9d295980c345,extractClass,org.activiti.impl.cfg.ProcessEngineConfiguration,org.activiti.impl.cfg.ProcessEngineConfiguration org.activiti.impl.cfg.ProcessEngineFactory ,ACT-33: Refactor ProcessEngineConfiguration to separate out factory reponsibility ,https://github.com/Activiti/Activiti/commit/51bcbd6a942fbe30237c4245f035411802d5d901,god_class_refactor_examples/252+Activiti_Activiti+51bcb+ProcessEngineConfiguration+ProcessEngineFactory.csv,1
263,airbnb_lottie-android,c5a6daf095c34700cc5b04aa1404f854354ff8bc,1c9921e5b2057f3df73ad3bd1e3b2d1b3562a192,extractClass,com.airbnb.lottie.LottieComposition,com.airbnb.lottie.LottieComposition com.airbnb.lottie.LottieComposition.Factory ,Pull out LottieComposition factory methods into inner class (#137)  This is part of issue #3. Pulled static factory methods out of LottieComposition into a static inner class. Made all fields final and initialized them all in the constructor.  This will make it easier for follow up refactors where we'll modularize the parsing logic and make it pluggable.  Also upgraded the Espresso tests to JUnit 4 so it no longer uses the deprecated ActivityInstrumentationTestCase2,https://github.com/airbnb/lottie-android/commit/c5a6daf095c34700cc5b04aa1404f854354ff8bc,god_class_refactor_examples/263+airbnb_lottie-android+c5a6d+LottieComposition+Factory.csv,1
297,apache_incubator-linkis,334012801fb93fe367599dfba037beb85a5b56f5,7fdc91a742d33657b97735a6a00c20a6e764e4b9,extractClass,org.apache.linkis.udf.entity.UDFInfo,org.apache.linkis.udf.entity.UDFInfo org.apache.linkis.udf.entity.UDFVersion ,1.The udf module adds version management function and stores udf resources to bml-server. 2.modify ps dependency linkis-message-scheduler to linkis-rpc. close #1422 ,https://github.com/apache/incubator-linkis/commit/334012801fb93fe367599dfba037beb85a5b56f5,god_class_refactor_examples/297+apache_incubator-linkis+33401+UDFInfo+UDFVersion.csv,1
311,apache_jmeter,d24a2d5ac1c64b8ace1f408b863d1c2e3a6bddb7,7ac6b3e8d37c109873f63545b52d63c9e394b298,extractClass,org.apache.jmeter.functions.PackageTest,org.apache.jmeter.functions.PackageTest org.apache.jmeter.functions.EvalFunctionTest org.apache.jmeter.functions.StringFromFileFunctionTest org.apache.jmeter.functions.SumFunctionTest ,Bug 58897 - Improve JUnit Test code STEP 5 patch by B. Wiart #resolve #104 Bugzilla Id: 58897  git-svn-id: https://svn.apache.org/repos/asf/jmeter/trunk@1728418 13f79535-47bb-0310-9956-ffa450edef68  Former-commit-id: 1ac5e02fc0d34920a3b24b3422bc0317a7696bf4,https://github.com/apache/jmeter/commit/d24a2d5ac1c64b8ace1f408b863d1c2e3a6bddb7,god_class_refactor_examples/311+apache_jmeter+d24a2+PackageTest+SumFunctionTest.csv,3
316,apache_jmeter,963d77a091e19cf407d310b5568c2d0676bb7d68,5264749a48e7b56f39a4794dd42d0c66a65e2498,extractSuperclass,org.apache.jmeter.util.JSR223TestElement,org.apache.jmeter.util.JSR223TestElement org.apache.jmeter.util.ScriptingTestElement ,BSFTestElement and JSR223TestElement should use shared super-class for common fields Bugzilla Id: 54110   git-svn-id: https://svn.apache.org/repos/asf/jmeter/trunk@1406876 13f79535-47bb-0310-9956-ffa450edef68  Former-commit-id: 30080897423645a46722edfc7015c75ade73a781,https://github.com/apache/jmeter/commit/963d77a091e19cf407d310b5568c2d0676bb7d68,god_class_refactor_examples/316+apache_jmeter+963d7+JSR223TestElement+ScriptingTestElement.csv,1
327,apache_jmeter,f1843c0eb141b35eedb703e0fcbb77a517e2e904,00f9746be9b7431dbb8cf6b6a9685a3cc230377f,extractClass,org.apache.jmeter.protocol.smtp.sampler.gui.SmtpPanel,org.apache.jmeter.protocol.smtp.sampler.gui.SmtpPanel org.apache.jmeter.protocol.smtp.sampler.gui.SecuritySettingsPanel ,Bug 49603 - Allow accepting expired certificates on Mail Reader Sampler  git-svn-id: https://svn.apache.org/repos/asf/jakarta/jmeter/trunk@986140 13f79535-47bb-0310-9956-ffa450edef68  Former-commit-id: 91e79e3ed139326e461b345d214be9a1c167b575,https://github.com/apache/jmeter/commit/f1843c0eb141b35eedb703e0fcbb77a517e2e904,god_class_refactor_examples/327+apache_jmeter+f1843+SmtpPanel+SecuritySettingsPanel.csv,1
328,apache_jmeter,ea4d602982e7a52f71311154c708af0fafa04f62,0fccc1ca0b70c1e442e7609938580ee1f679cd91,extractSuperclass,org.apache.jmeter.threads.ThreadGroup,org.apache.jmeter.threads.ThreadGroup org.apache.jmeter.threads.AbstractThreadGroup ,Bug 48749 - Allowing custom Thread Groups  git-svn-id: https://svn.apache.org/repos/asf/jakarta/jmeter/trunk@915587 13f79535-47bb-0310-9956-ffa450edef68  Former-commit-id: ca8e0c22b7d13afb33632094d528c921b919d8c6,https://github.com/apache/jmeter/commit/ea4d602982e7a52f71311154c708af0fafa04f62,god_class_refactor_examples/328+apache_jmeter+ea4d6+ThreadGroup+AbstractThreadGroup.csv,1
329,apache_jmeter,ea4d602982e7a52f71311154c708af0fafa04f62,0fccc1ca0b70c1e442e7609938580ee1f679cd91,extractSuperclass,org.apache.jmeter.threads.gui.ThreadGroupGui,org.apache.jmeter.threads.gui.ThreadGroupGui org.apache.jmeter.threads.gui.AbstractThreadGroupGui ,Bug 48749 - Allowing custom Thread Groups  git-svn-id: https://svn.apache.org/repos/asf/jakarta/jmeter/trunk@915587 13f79535-47bb-0310-9956-ffa450edef68  Former-commit-id: ca8e0c22b7d13afb33632094d528c921b919d8c6,https://github.com/apache/jmeter/commit/ea4d602982e7a52f71311154c708af0fafa04f62,god_class_refactor_examples/329+apache_jmeter+ea4d6+ThreadGroupGui+AbstractThreadGroupGui.csv,1
333,apache_jmeter,09760a2dfe53c9fd7d6619a0fa0733e18f9075d5,bc85e80ec58ad68f4a12c395d33473e313e45edf,extractClass,org.apache.jmeter.visualizers.ViewResultsFullVisualizer,org.apache.jmeter.visualizers.ViewResultsFullVisualizer org.apache.jmeter.visualizers.RenderAsHTML org.apache.jmeter.visualizers.RenderAsJSON org.apache.jmeter.visualizers.RenderAsXML org.apache.jmeter.visualizers.SamplerResultTab ,Bug 47474 - View Results Tree support for plugin renderers  git-svn-id: https://svn.apache.org/repos/asf/jakarta/jmeter/trunk@885648 13f79535-47bb-0310-9956-ffa450edef68  Former-commit-id: e5c108478fb426affaf0b807df2e3d7fd1e236f2,https://github.com/apache/jmeter/commit/09760a2dfe53c9fd7d6619a0fa0733e18f9075d5,god_class_refactor_examples/333+apache_jmeter+09760+ViewResultsFullVisualizer+SamplerResultTab.csv,4
336,apache_jmeter,654515298778fad8126dcbf6993187fad473d122,eb484ffc965993228b78aaa00dc971e056aad1e0,extractClass,org.apache.jmeter.save.OldSaveService,org.apache.jmeter.save.OldSaveService org.apache.jmeter.save.CSVSaveService ,Split off CSV into separate class  git-svn-id: https://svn.apache.org/repos/asf/jakarta/jmeter/trunk@593962 13f79535-47bb-0310-9956-ffa450edef68  Former-commit-id: f246b924f75e37114abb9ea8c3de585aaefdfeda,https://github.com/apache/jmeter/commit/654515298778fad8126dcbf6993187fad473d122,god_class_refactor_examples/336+apache_jmeter+65451+OldSaveService+CSVSaveService.csv,1
363,apache_nutch,d193137585f4f8cf653bb5cf678a494bab087784,2724578ab41cb9e8098975bddbde7df2085b1c61,extractSuperclass,org.apache.nutch.protocol.okhttp.TestBadServerResponses,org.apache.nutch.protocol.okhttp.TestBadServerResponses org.apache.nutch.protocol.AbstractHttpProtocolPluginTest ,NUTCH-2596 Upgrade from org.mortbay.jetty to org.eclipse.jetty - remove Jetty (serving JSP pages) for HTTP protocol plugin tests - replace JSP pages by header/content strings hold in unit test classes ,https://github.com/apache/nutch/commit/d193137585f4f8cf653bb5cf678a494bab087784,god_class_refactor_examples/363+apache_nutch+d1931+TestBadServerResponses+AbstractHttpProtocolPluginTest.csv,1
448,apache_shardingsphere-elasticjob,b744595561ed46e1411da666fdd71144d7f76665,79f4ca54d0680f5da9b7adedf73d9a27b20c5b2a,extractClass,com.dangdang.ddframe.job.cloud.executor.TaskExecutorTest,com.dangdang.ddframe.job.cloud.executor.TaskExecutorTest com.dangdang.ddframe.job.cloud.executor.TaskExecutorThreadTest ,For #223. ,https://github.com/apache/shardingsphere-elasticjob/commit/b744595561ed46e1411da666fdd71144d7f76665,god_class_refactor_examples/448+apache_shardingsphere-elasticjob+b7445+TaskExecutorTest+TaskExecutorThreadTest.csv,1
488,apache_shardingsphere-elasticjob,84131d896fd55af07b4c989ac9653e90f59abe5d,a040ff0d4e0ef116104b821948be97b1e8f0d147,extractClass,com.dangdang.ddframe.job.internal.schedule.SchedulerFacade,com.dangdang.ddframe.job.internal.schedule.SchedulerFacade com.dangdang.ddframe.job.internal.schedule.JobFacade ,refactor ,https://github.com/apache/shardingsphere-elasticjob/commit/84131d896fd55af07b4c989ac9653e90f59abe5d,god_class_refactor_examples/488+apache_shardingsphere-elasticjob+84131+SchedulerFacade+JobFacade.csv,1
489,apache_shardingsphere-elasticjob,84131d896fd55af07b4c989ac9653e90f59abe5d,a040ff0d4e0ef116104b821948be97b1e8f0d147,extractClass,com.dangdang.ddframe.job.internal.schedule.SchedulerFacadeTest,com.dangdang.ddframe.job.internal.schedule.SchedulerFacadeTest com.dangdang.ddframe.job.internal.schedule.JobFacadeTest ,refactor ,https://github.com/apache/shardingsphere-elasticjob/commit/84131d896fd55af07b4c989ac9653e90f59abe5d,god_class_refactor_examples/489+apache_shardingsphere-elasticjob+84131+SchedulerFacadeTest+JobFacadeTest.csv,1
510,Bearded-Hen_Android-Bootstrap,6ca26f9414ad768cf277d4edbd3e0ff4c33e26fd,a194a7bce87e6f670d236b2d1f22e6e4e623870a,extractSuperclass,com.beardedhen.androidbootstrap.BootstrapCircleThumbnail,com.beardedhen.androidbootstrap.BootstrapCircleThumbnail com.beardedhen.androidbootstrap.BootstrapBaseThumbnail ,create base thumbnail class ,https://github.com/Bearded-Hen/Android-Bootstrap/commit/6ca26f9414ad768cf277d4edbd3e0ff4c33e26fd,god_class_refactor_examples/510+Bearded-Hen_Android-Bootstrap+6ca26+BootstrapCircleThumbnail+BootstrapBaseThumbnail.csv,1
521,bumptech_glide,ed20643fb94d4e17f4cdb3699a6d83621408dd34,092e0624054db5cf00b32dea2da459df90f13b11,extractSuperclass,com.bumptech.glide.request.RequestOptions,com.bumptech.glide.request.RequestOptions com.bumptech.glide.request.BaseRequestOptions ,Directly include RequestOptions in ReqestBuilder using CRGP  https://www.artima.com/weblogs/viewpost.jsp?thread=133275  This means that you can write:  Glide.with(context)   .load(url)   .placeholder(R.drawable.placeholder)   .into(imageView);  Instead of:  Glide.with(contex)   .apply(placeholderOf(R.drawable.placeholder)   .into(imageView);  Without using the generated API.  ------------- Created by MOE: https://github.com/google/moe MOE_MIGRATED_REVID=211640993 ,https://github.com/bumptech/glide/commit/ed20643fb94d4e17f4cdb3699a6d83621408dd34,god_class_refactor_examples/521+bumptech_glide+ed206+RequestOptions+BaseRequestOptions.csv,1
579,bumptech_glide,4f96c1a82e7d2db4863ac63dd00a261e9f0746b1,be9ba784e13d6f8bf390ec0f11fc2600a38b0548,extractClass,com.bumptech.glide.load.resource.gif.GifDecoder,com.bumptech.glide.load.resource.gif.GifDecoder com.bumptech.glide.load.resource.gif.decoder.GifHeader com.bumptech.glide.load.resource.gif.decoder.GifHeaderParser ,Make gif resources safe for multiple consumers.,https://github.com/bumptech/glide/commit/4f96c1a82e7d2db4863ac63dd00a261e9f0746b1,god_class_refactor_examples/579+bumptech_glide+4f96c+GifDecoder+GifHeaderParser.csv,2
586,bumptech_glide,8c7ae0d1551752a2ff6260dd807580a90020451e,896af010afa2c88aa6b63fc80c1a412357caed97,extractClass,com.bumptech.glide.Glide,com.bumptech.glide.Glide com.bumptech.glide.Glide.ModelRequest ,Revamp Glide interface to be more flexible.  Conflicts:  library/src/com/bumptech/glide/presenter/target/ImageViewTarget.java ,https://github.com/bumptech/glide/commit/8c7ae0d1551752a2ff6260dd807580a90020451e,god_class_refactor_examples/586+bumptech_glide+8c7ae+Glide+ModelRequest.csv,1
646,google_volley,a791d09a6747ca4923352405b20c229eafad5866,504e41a1c749ebbf3b63b6ab58533c8219cb6df1,extractClass,com.android.volley.toolbox.DiskBasedCache,com.android.volley.toolbox.DiskBasedCache com.android.volley.toolbox.DiskBasedCacheUtility ,Get Implementation in AsyncCache that takes in a callback function (#344)  Co-authored-by: Scott Phillips <sphil@google.com>,https://github.com/google/volley/commit/a791d09a6747ca4923352405b20c229eafad5866,god_class_refactor_examples/646+google_volley+a791d+DiskBasedCache+DiskBasedCacheUtility.csv,1
662,igniterealtime_Openfire,c4773fd9aa6969c1a6014370e9e3151135f3b044,3c1a4efd525d317f45e13d935ebd2a5e02bcf499,extractClass,org.jivesoftware.openfire.spi.ConnectionConfiguration,org.jivesoftware.openfire.spi.ConnectionConfiguration org.jivesoftware.openfire.spi.EncryptionArtifactFactory ,Configuration representation should not include factory methods. ,https://github.com/igniterealtime/Openfire/commit/c4773fd9aa6969c1a6014370e9e3151135f3b044,god_class_refactor_examples/662+igniterealtime_Openfire+c4773+ConnectionConfiguration+EncryptionArtifactFactory.csv,1
671,igniterealtime_Openfire,6e5db35615c01ce5df568676a3b8485236bc507e,ec7e0ff96241ccf1aa1158158cf2bc8639e12746,extractSuperclass,org.jivesoftware.openfire.clearspace.ClearspaceGroupProvider,org.jivesoftware.openfire.clearspace.ClearspaceGroupProvider org.jivesoftware.openfire.group.AbstractReadOnlyGroupProvider ,OF-278: Avoid loading all shared groups into memory/cache when possible. NOTE: This is a partial refactor of the Openfire groups component. Additional review and testing is requested. Please update the corresponding JIRA ticket with comments or concerns.  git-svn-id: http://svn.igniterealtime.org/svn/repos/openfire/trunk@13380 b35dd754-fafc-0310-a699-88a17e54d16e ,https://github.com/igniterealtime/Openfire/commit/6e5db35615c01ce5df568676a3b8485236bc507e,god_class_refactor_examples/671+igniterealtime_Openfire+6e5db+ClearspaceGroupProvider+AbstractReadOnlyGroupProvider.csv,1
673,igniterealtime_Openfire,6e5db35615c01ce5df568676a3b8485236bc507e,ec7e0ff96241ccf1aa1158158cf2bc8639e12746,extractSuperclass,org.jivesoftware.openfire.group.JDBCGroupProvider,org.jivesoftware.openfire.group.JDBCGroupProvider org.jivesoftware.openfire.group.AbstractReadOnlyGroupProvider ,OF-278: Avoid loading all shared groups into memory/cache when possible. NOTE: This is a partial refactor of the Openfire groups component. Additional review and testing is requested. Please update the corresponding JIRA ticket with comments or concerns.  git-svn-id: http://svn.igniterealtime.org/svn/repos/openfire/trunk@13380 b35dd754-fafc-0310-a699-88a17e54d16e ,https://github.com/igniterealtime/Openfire/commit/6e5db35615c01ce5df568676a3b8485236bc507e,god_class_refactor_examples/673+igniterealtime_Openfire+6e5db+JDBCGroupProvider+AbstractReadOnlyGroupProvider.csv,1
698,JakeWharton_ActionBarSherlock,898b00f20c5e3e566267324d3a51a950f64a25bd,0e8da89780513a5dcb84b4f50e109c1777f5286a,extractSubclass,com.actionbarsherlock.ActionBarSherlock,com.actionbarsherlock.ActionBarSherlock com.actionbarsherlock.internal.ActionBarSherlockCompat ,Start moving toward proxying to native action bar.  The 4.0+ implementation is currently empty.  Start unit tests with testing the activity name parsing from the manifest. Closes #205 and #201. ,https://github.com/JakeWharton/ActionBarSherlock/commit/898b00f20c5e3e566267324d3a51a950f64a25bd,god_class_refactor_examples/698+JakeWharton_ActionBarSherlock+898b0+ActionBarSherlock+ActionBarSherlockCompat.csv,1
737,jenkinsci_blueocean-plugin,ca7d54e99f90a261f852766460304d89095cfa6d,86c8039863cc81c4031c4f77cfe8e94ad8e0918a,extractClass,io.jenkins.blueocean.service.embedded.PipelineApiTest,io.jenkins.blueocean.service.embedded.PipelineApiTest io.jenkins.blueocean.rest.impl.pipeline.PipelineApiTest ,"JENKINS-36837# Split of Pipeline specific API implementation in to se‚Äö√Ñ√∂‚àö√ë‚àö‚àÇ‚Äö√†√∂‚àö√´‚Äö√†√∂‚Äö√†√á‚Äö√Ñ√∂‚àö‚Ä†‚àö‚àÇ‚Äö√†√∂‚àö¬¥‚Äö√Ñ√∂‚àö‚Ä†‚àö‚àÇ‚Äö√Ñ√∂‚àö‚Ä†‚àö√°‚Äö√Ñ√∂‚àö√ë‚àö‚àÇ‚Äö√†√∂‚Äö√Ñ‚Ä†‚Äö√†√∂‚Äö√†√á‚Äö√Ñ√∂‚àö‚Ä†‚àö‚àÇ‚Äö√†√∂¬¨¬•‚Äö√Ñ√∂‚àö√ë‚àö‚àÇ‚Äö√†√∂‚Äö√Ñ‚Ä†‚Äö√†√∂‚Äö√†√á‚Äö√Ñ√∂‚àö√ë‚àö‚àÇ‚Äö√†√∂‚Äö√Ñ‚Ä†‚Äö√†√∂‚àö¬∞‚Äö√Ñ√∂‚àö√ë‚àö‚àÇ‚Äö√†√∂‚àö√´‚Äö√†√∂‚Äö√†√á‚Äö√Ñ√∂‚àö‚Ä†‚àö‚àÇ‚Äö√Ñ√∂‚àö√ë‚Äö√Ñ‚Ä†‚Äö√Ñ√∂‚àö‚Ä†‚àö‚àÇ‚Äö√Ñ√∂‚àö‚Ä†‚àö√°‚Äö√Ñ√∂‚àö√ë‚àö‚àÇ‚Äö√†√∂‚Äö√Ñ‚Ä†‚Äö√†√∂‚Äö√†√á‚Äö√Ñ√∂‚àö‚Ä†‚àö‚àÇ¬¨¬®¬¨‚Ä¢‚Äö√Ñ√∂‚àö√ë‚àö‚àÇ‚Äö√†√∂‚àö√´‚Äö√†√∂‚Äö√†√á‚Äö√Ñ√∂‚àö‚Ä†‚àö‚àÇ‚Äö√Ñ√∂‚àö√ë‚Äö√Ñ‚Ä†‚Äö√Ñ√∂‚àö‚Ä†‚àö‚àÇ‚Äö√Ñ√∂‚àö‚Ä†‚àö√°‚Äö√Ñ√∂‚àö√ë‚àö‚àÇ‚Äö√†√∂‚àö√´‚Äö√†√∂‚Äö√†√á‚Äö√Ñ√∂‚àö‚Ä†‚àö‚àÇ‚Äö√Ñ√∂‚àö√ë‚Äö√Ñ‚Ä†‚Äö√Ñ√∂‚àö‚Ä†‚àö‚àÇ‚Äö√†√∂¬¨‚àû‚Äö√Ñ√∂‚àö√ë‚àö‚àÇ‚Äö√†√∂‚àö√´‚Äö√†√∂‚Äö√†√á‚Äö√Ñ√∂‚àö‚Ä†‚àö‚àÇ‚Äö√†√∂‚àö¬¥‚Äö√Ñ√∂‚àö‚Ä†‚àö‚àÇ‚Äö√Ñ√∂‚àö‚Ä†‚àö√°‚Äö√Ñ√∂‚àö√ë‚àö‚àÇ‚Äö√†√∂‚Äö√Ñ‚Ä†‚Äö√†√∂‚Äö√†√á‚Äö√Ñ√∂‚àö√ë‚àö‚àÇ‚Äö√†√∂‚àö√´‚Äö√Ñ√∂‚àö√ë‚Äö√Ñ‚Ä†‚Äö√Ñ√∂‚àö√ë‚àö‚àÇ‚Äö√†√∂‚Äö√Ñ‚Ä†‚Äö√†√∂‚Äö√†√á‚Äö√Ñ√∂‚àö√ë‚àö‚àÇ‚Äö√†√∂‚Äö√Ñ‚Ä†‚Äö√†√∂‚àö¬∞‚Äö√Ñ√∂‚àö√ë‚àö‚àÇ‚Äö√†√∂‚àö√´‚Äö√†√∂‚Äö√†√á‚Äö√Ñ√∂‚àö‚Ä†‚àö‚àÇ‚Äö√Ñ√∂‚àö√ë‚Äö√Ñ‚Ä†‚Äö√Ñ√∂‚àö‚Ä†‚àö‚àÇ‚Äö√Ñ√∂‚àö‚Ä†‚àö√°‚Äö√Ñ√∂‚àö√ë‚àö‚àÇ‚Äö√†√∂‚Äö√Ñ‚Ä†‚Äö√†√∂‚Äö√†√á¬¨¬®¬¨¬Æ¬¨¬®‚Äö√Ñ¬¢‚Äö√Ñ√∂‚àö√ë‚àö‚àÇ‚Äö√†√∂‚àö√´‚Äö√†√∂‚Äö√†√á‚Äö√Ñ√∂‚àö‚Ä†‚àö‚àÇ‚Äö√†√∂‚àö¬¥‚Äö√Ñ√∂‚àö‚Ä†‚àö‚àÇ‚Äö√Ñ√∂‚àö‚Ä†‚àö√°‚Äö√Ñ√∂‚àö√ë‚àö‚àÇ‚Äö√†√∂‚Äö√Ñ‚Ä†‚Äö√†√∂‚Äö√†√á‚Äö√Ñ√∂‚àö√ë‚àö‚àÇ‚Äö√†√∂‚àö√´‚Äö√Ñ√∂‚àö√ë‚Äö√Ñ‚Ä†‚Äö√Ñ√∂‚àö√ë‚àö‚àÇ‚Äö√†√∂‚Äö√Ñ‚Ä†‚Äö√†√∂‚Äö√†√á‚Äö√Ñ√∂‚àö√ë‚àö‚àÇ‚Äö√†√∂‚Äö√Ñ‚Ä†‚Äö√†√∂‚àö¬∞‚Äö√Ñ√∂‚àö√ë‚àö‚àÇ‚Äö√†√∂‚àö√´‚Äö√†√∂‚Äö√†√á‚Äö√Ñ√∂‚àö‚Ä†‚àö‚àÇ‚Äö√†√∂‚àö¬¥‚Äö√Ñ√∂‚àö‚Ä†‚àö‚àÇ‚Äö√Ñ√∂‚àö‚Ä†‚àö√°‚Äö√Ñ√∂‚àö√ë‚àö‚àÇ‚Äö√†√∂‚Äö√Ñ‚Ä†‚Äö√†√∂‚Äö√†√á‚Äö√Ñ√∂‚àö√ë‚àö‚àÇ‚Äö√†√∂‚àö√´‚Äö√Ñ√∂‚àö√ë‚Äö√Ñ‚Ä†‚Äö√Ñ√∂‚àö√ë‚àö‚àÇ‚Äö√†√∂‚Äö√Ñ‚Ä†‚Äö√†√∂‚Äö√†√á‚Äö√Ñ√∂‚àö‚Ä†‚àö‚àÇ¬¨¬®‚Äö√†√ª‚Äö√Ñ√∂‚àö√ë‚àö‚àÇ‚Äö√†√∂‚àö√´‚Äö√†√∂‚Äö√†√á‚Äö√Ñ√∂‚àö‚Ä†‚àö‚àÇ‚Äö√†√∂‚àö¬¥‚Äö√Ñ√∂‚àö‚Ä†‚àö‚àÇ‚Äö√Ñ√∂‚àö‚Ä†‚àö√°‚Äö√Ñ√∂‚àö√ë‚àö‚àÇ‚Äö√†√∂‚Äö√Ñ‚Ä†‚Äö√†√∂‚Äö√†√á‚Äö√Ñ√∂‚àö‚Ä†‚àö‚àÇ‚Äö√†√∂¬¨¬•‚Äö√Ñ√∂‚àö√ë‚àö‚àÇ‚Äö√†√∂‚Äö√Ñ‚Ä†‚Äö√†√∂‚Äö√†√á‚Äö√Ñ√∂‚àö√ë‚àö‚àÇ‚Äö√†√∂‚Äö√Ñ‚Ä†‚Äö√†√∂‚àö¬∞‚Äö√Ñ√∂‚àö√ë‚àö‚àÇ‚Äö√†√∂‚àö√´‚Äö√†√∂‚Äö√†√á‚Äö√Ñ√∂‚àö‚Ä†‚àö‚àÇ‚Äö√Ñ√∂‚àö√ë‚Äö√Ñ‚Ä†‚Äö√Ñ√∂‚àö‚Ä†‚àö‚àÇ‚Äö√Ñ√∂‚àö‚Ä†‚àö√°‚Äö√Ñ√∂‚àö√ë‚àö‚àÇ‚Äö√†√∂‚àö√´‚Äö√†√∂‚Äö√†√á‚Äö√Ñ√∂‚àö‚Ä†‚àö‚àÇ‚Äö√†√∂‚àö¬¥‚Äö√Ñ√∂‚àö√ë‚àö‚àÇ‚Äö√†√∂‚àö√´‚Äö√Ñ√∂‚àö√ë‚Äö√Ñ‚Ä†‚Äö√Ñ√∂‚àö√ë‚àö‚àÇ‚Äö√†√∂‚àö√´‚Äö√†√∂‚Äö√†√á‚Äö√Ñ√∂‚àö‚Ä†‚àö‚àÇ‚Äö√Ñ√∂‚àö√ë‚Äö√Ñ‚Ä†‚Äö√Ñ√∂‚àö‚Ä†‚àö‚àÇ‚Äö√Ñ√∂‚àö‚Ä†‚àö√°‚Äö√Ñ√∂‚àö√ë‚àö‚àÇ‚Äö√†√∂‚àö√´‚Äö√†√∂‚Äö√†√á‚Äö√Ñ√∂‚àö‚Ä†‚àö‚àÇ‚Äö√Ñ√∂‚àö√ë‚Äö√Ñ‚Ä†‚Äö√Ñ√∂‚àö‚Ä†‚àö‚àÇ‚Äö√†√∂¬¨‚àû‚Äö√Ñ√∂‚àö√ë‚àö‚àÇ‚Äö√†√∂‚àö√´‚Äö√†√∂‚Äö√†√á‚Äö√Ñ√∂‚àö‚Ä†‚àö‚àÇ‚Äö√†√∂‚àö¬¥‚Äö√Ñ√∂‚àö‚Ä†‚àö‚àÇ‚Äö√Ñ√∂‚àö‚Ä†‚àö√°‚Äö√Ñ√∂‚àö√ë‚àö‚àÇ‚Äö√†√∂‚Äö√Ñ‚Ä†‚Äö√†√∂‚Äö√†√á‚Äö√Ñ√∂‚àö√ë‚àö‚àÇ‚Äö√†√∂‚àö√´‚Äö√Ñ√∂‚àö√ë‚Äö√Ñ‚Ä†‚Äö√Ñ√∂‚àö√ë‚àö‚àÇ‚Äö√†√∂‚Äö√Ñ‚Ä†‚Äö√†√∂‚Äö√†√á‚Äö√Ñ√∂‚àö√ë‚àö‚àÇ‚Äö√†√∂‚Äö√Ñ‚Ä†‚Äö√†√∂‚àö¬∞‚Äö√Ñ√∂‚àö√ë‚àö‚àÇ‚Äö√†√∂‚àö√´‚Äö√†√∂‚Äö√†√á‚Äö√Ñ√∂‚àö‚Ä†‚àö‚àÇ‚Äö√Ñ√∂‚àö√ë‚Äö√Ñ‚Ä†‚Äö√Ñ√∂‚àö‚Ä†‚àö‚àÇ‚Äö√Ñ√∂‚àö‚Ä†‚àö√°¬¨¬®¬¨¬Æ¬¨¬®¬¨√Ü¬¨¬�?(#364)  * JENKINS-36837# Split of Pipeline specific API implementation in to separate module    * doc improvement    * Fixed .js, .jsx with changed pipeline related impl class names    * Fixed BranchImpl package    * Removed uneeded error message  ",https://github.com/jenkinsci/blueocean-plugin/commit/ca7d54e99f90a261f852766460304d89095cfa6d,god_class_refactor_examples/737+jenkinsci_blueocean-plugin+ca7d5+PipelineApiTest+PipelineApiTest.csv,1
740,jenkinsci_blueocean-plugin,2e148cf352cf481ba41ab079a4d81ae5564f70b5,a3a1d4f8c798bd723d7f2f4751f41bb52a5ada12,extractClass,io.jenkins.blueocean.service.embedded.PipelineApiTest,io.jenkins.blueocean.service.embedded.PipelineApiTest io.jenkins.blueocean.service.embedded.PipelineNodeTest ,UX-396# durationInMillis added to node details object. ,https://github.com/jenkinsci/blueocean-plugin/commit/2e148cf352cf481ba41ab079a4d81ae5564f70b5,god_class_refactor_examples/740+jenkinsci_blueocean-plugin+2e148+PipelineApiTest+PipelineNodeTest.csv,1
761,jMonkeyEngine_jmonkeyengine,6cf1b57e002b20c11519c2af02783606c97c3998,33e6574387aa6eede9b2b5f2787b4b82db534102,extractClass,com.jme3.app.VRAppState,com.jme3.app.VRAppState com.jme3.app.VREnvironment ,"Added VREnvironment class that gather the system related VR objetcs. This VREnvironment is independent from the JMonkey stuff and enables to check and initialize VR specific capabilities before initializing VRAppState.  The procedure is now to initialize a VR environment and, if the initialization is ok, to attach a VRAppstate to the main application.  Some class has been refactored:  - System classes are within the com.jme3.system package - VR related utility classes are in the package com.jme3.util.  ",https://github.com/jMonkeyEngine/jmonkeyengine/commit/6cf1b57e002b20c11519c2af02783606c97c3998,god_class_refactor_examples/761+jMonkeyEngine_jmonkeyengine+6cf1b+VRAppState+VREnvironment.csv,1
780,jMonkeyEngine_jmonkeyengine,5b95f8a4b0e70a9ef5839be199f5274a94247f02,389b117fb64388724f9e25a18bac3ff8ee008fae,extractClass,com.jme3.renderer.lwjgl.LwjglGLExt,com.jme3.renderer.lwjgl.LwjglGLExt com.jme3.renderer.lwjgl.LwjglGLFboEXT ,"GLRenderer: Improve compatibility with OpenGL 3.2 core profile  * Separate GLFbo and GLExt implementations. GLFbo can now be implemented either via vanilla OpenGL3 calls or GL_EXT_framebuffer_*** extensions (OpenGL2.1- only).  * Use modern way of getting supported extensions in core profile.  * Luminance and Alpha formats are not available when running in core profile.  * Bind a dummy vertex array object (VAO) when running in core profile.  * Point sprite mode is always enabled. Since both OpenGL ES 2.0 and OpenGL 3.2 core require it, jME3 is no longer capable of rendering regular points. ",https://github.com/jMonkeyEngine/jmonkeyengine/commit/5b95f8a4b0e70a9ef5839be199f5274a94247f02,god_class_refactor_examples/780+jMonkeyEngine_jmonkeyengine+5b95f+LwjglGLExt+LwjglGLFboEXT.csv,1
864,kabouzeid_Phonograph,56d3a2dbce8484ad2f9d7ed897bc453b36879927,373bba9e98bc2819c88be37dfe03664986bfd5bf,extractClass,com.kabouzeid.gramophone.ui.activities.MainActivity,com.kabouzeid.gramophone.ui.activities.MainActivity com.kabouzeid.gramophone.ui.fragments.LibraryFragment ,First steps for folder support. ,https://github.com/kabouzeid/Phonograph/commit/56d3a2dbce8484ad2f9d7ed897bc453b36879927,god_class_refactor_examples/864+kabouzeid_Phonograph+56d3a+MainActivity+LibraryFragment.csv,1
867,kabouzeid_Phonograph,e709455fb1f843d7d378918478c554943c2bcd2a,ca23018b9d0c9c9b3bf46903b4947ebfc11f6b69,extractSuperclass,com.kabouzeid.gramophone.ui.fragments.player.PlayerFragment,com.kabouzeid.gramophone.ui.fragments.player.PlayerFragment com.kabouzeid.gramophone.ui.fragments.player.AbsPlayerFragment ,"Moved some stuff from the PlayerFragment into a abstract super class, as we want to add more PlayerFragments in future. ",https://github.com/kabouzeid/Phonograph/commit/e709455fb1f843d7d378918478c554943c2bcd2a,god_class_refactor_examples/867+kabouzeid_Phonograph+e7094+PlayerFragment+AbsPlayerFragment.csv,1
868,kabouzeid_Phonograph,79c50ce42e30918158ab2a4fa61f9e4927c32783,c7c0ae3931179ebb0a40241e8d55cb62184ecfa8,extractClass,com.kabouzeid.gramophone.ui.fragments.PlayerFragment,com.kabouzeid.gramophone.ui.fragments.PlayerFragment com.kabouzeid.gramophone.ui.fragments.PlaybackControlsFragment com.kabouzeid.gramophone.ui.fragments.PlayerAlbumCoverFragment ,Divided the player fragment into sub fragments. WIP! ,https://github.com/kabouzeid/Phonograph/commit/79c50ce42e30918158ab2a4fa61f9e4927c32783,god_class_refactor_examples/868+kabouzeid_Phonograph+79c50+PlayerFragment+PlayerAlbumCoverFragment.csv,2
877,koush_AndroidAsync,c67382c20e762d22d768ce587b5b448812bc5457,78b8b59309c08fad13685e0b182ab8ade1a10e8e,extractSuperclass,com.koushikdutta.async.http.server.AsyncHttpServer,com.koushikdutta.async.http.server.AsyncHttpServer com.koushikdutta.async.http.server.AsyncHttpServerRouter ,Separate the http router from the http server. Add helper functions for self signed https server. AsyncHttpServer.send now posts onto the AsyncServer thread. ,https://github.com/koush/AndroidAsync/commit/c67382c20e762d22d768ce587b5b448812bc5457,god_class_refactor_examples/877+koush_AndroidAsync+c6738+AsyncHttpServer+AsyncHttpServerRouter.csv,1
885,koush_AndroidAsync,fbfd617411cfaa802269f2b925c54dd11dc0a531,df873d62682b26fcec2461017fe5a4fed503077d,extractClass,com.koushikdutta.async.http.AsyncHttpRequest,com.koushikdutta.async.http.AsyncHttpRequest com.koushikdutta.async.http.HttpRequestWrapper ,"Move the implementation of HttpRequest into a wrapper class, as it interferes with the Fluent API. ",https://github.com/koush/AndroidAsync/commit/fbfd617411cfaa802269f2b925c54dd11dc0a531,god_class_refactor_examples/885+koush_AndroidAsync+fbfd6+AsyncHttpRequest+HttpRequestWrapper.csv,1
962,lukas-krecan_ShedLock,50e06ab9ebde7c15fb4bef386f1481f647252eef,38d2ed14e876bd972d0e6c5948163902fdd37eff,extractSuperclass,net.javacrumbs.shedlock.spring.internal.SpringLockConfigurationExtractorTest,net.javacrumbs.shedlock.spring.internal.SpringLockConfigurationExtractorTest net.javacrumbs.shedlock.spring.internal.AbstractSpringLockConfigurationExtractorTest ,Support for deprecated and new annotation ,https://github.com/lukas-krecan/ShedLock/commit/50e06ab9ebde7c15fb4bef386f1481f647252eef,god_class_refactor_examples/962+lukas-krecan_ShedLock+50e06+SpringLockConfigurationExtractorTest+AbstractSpringLockConfigurationExtractorTest.csv,1
1049,pedrovgs_DraggablePanel,ccbd70984078230c5f3ac96d6429292b069fda7c,42604bfad8e75681fe3f53b27dc80f0854f0996c,extractSubclass,com.github.pedrovgs.transformer.Transformer,com.github.pedrovgs.transformer.Transformer com.github.pedrovgs.transformer.ScaleTransformer ,Extract code to ScaleTransformer and modify Transformer to be abstract. ,https://github.com/pedrovgs/DraggablePanel/commit/ccbd70984078230c5f3ac96d6429292b069fda7c,god_class_refactor_examples/1049+pedrovgs_DraggablePanel+ccbd7+Transformer+ScaleTransformer.csv,1
1062,PhilJay_MPAndroidChart,ee0fd10fc42fed77a178d55899afad911c16a988,6773bad9d5cb28c4cf7567175071b5b2d1072b98,extractSuperclass,com.github.mikephil.charting.data.realm.RealmLineDataSet,com.github.mikephil.charting.data.realm.RealmLineDataSet com.github.mikephil.charting.data.realm.RealmLineRadarDataSet com.github.mikephil.charting.data.realm.RealmLineScatterCandleRadarDataSet ,Complete realm model ,https://github.com/PhilJay/MPAndroidChart/commit/ee0fd10fc42fed77a178d55899afad911c16a988,god_class_refactor_examples/1062+PhilJay_MPAndroidChart+ee0fd+RealmLineDataSet+RealmLineScatterCandleRadarDataSet.csv,2
1067,PhilJay_MPAndroidChart,5aab431cff2ce9352d7dfe4296ba4155424d0560,5bc50bd780cd9ca2b4f79229a4f0b3296866a3ed,extractSuperclass,com.github.mikephil.charting.data.realm.RealmLineDataSet,com.github.mikephil.charting.data.realm.RealmLineDataSet com.github.mikephil.charting.data.realm.RealmBaseDataSet ,Impleme3nt RealmBaseDataSet ,https://github.com/PhilJay/MPAndroidChart/commit/5aab431cff2ce9352d7dfe4296ba4155424d0560,god_class_refactor_examples/1067+PhilJay_MPAndroidChart+5aab4+RealmLineDataSet+RealmBaseDataSet.csv,1
1073,PhilJay_MPAndroidChart,4cb9089fe44062486da79403a6c6b495a6f13a5e,3d1649aa1d8f7e11a093d281fba7eda472b4860c,extractSuperclass,com.github.mikephil.charting.components.AxisBase,com.github.mikephil.charting.components.AxisBase com.github.mikephil.charting.components.ComponentBase ,"Added more documentation, created ComponentBase. ",https://github.com/PhilJay/MPAndroidChart/commit/4cb9089fe44062486da79403a6c6b495a6f13a5e,god_class_refactor_examples/1073+PhilJay_MPAndroidChart+4cb90+AxisBase+ComponentBase.csv,1
1074,PhilJay_MPAndroidChart,4cb9089fe44062486da79403a6c6b495a6f13a5e,3d1649aa1d8f7e11a093d281fba7eda472b4860c,extractSuperclass,com.github.mikephil.charting.components.Legend,com.github.mikephil.charting.components.Legend com.github.mikephil.charting.components.ComponentBase ,"Added more documentation, created ComponentBase. ",https://github.com/PhilJay/MPAndroidChart/commit/4cb9089fe44062486da79403a6c6b495a6f13a5e,god_class_refactor_examples/1074+PhilJay_MPAndroidChart+4cb90+Legend+ComponentBase.csv,1
1078,PhilJay_MPAndroidChart,0a5202da009279728c4e2b6f4f0d4b816a249feb,ae7cbb4cc08126342c2c8eeb60004882ef5d11c4,extractClass,com.github.mikephil.charting.charts.LineChart,com.github.mikephil.charting.charts.LineChart com.github.mikephil.charting.renderer.LineChartRenderer ,"Massive changes to the architecture, implementing two axis feature. ",https://github.com/PhilJay/MPAndroidChart/commit/0a5202da009279728c4e2b6f4f0d4b816a249feb,god_class_refactor_examples/1078+PhilJay_MPAndroidChart+0a520+LineChart+LineChartRenderer.csv,1
1079,PhilJay_MPAndroidChart,0a5202da009279728c4e2b6f4f0d4b816a249feb,ae7cbb4cc08126342c2c8eeb60004882ef5d11c4,extractClass,com.github.mikephil.charting.renderer.Transformer,com.github.mikephil.charting.renderer.Transformer com.github.mikephil.charting.renderer.ViewPortHandler ,"Massive changes to the architecture, implementing two axis feature. ",https://github.com/PhilJay/MPAndroidChart/commit/0a5202da009279728c4e2b6f4f0d4b816a249feb,god_class_refactor_examples/1079+PhilJay_MPAndroidChart+0a520+Transformer+ViewPortHandler.csv,1
1084,PhilJay_MPAndroidChart,6b71988548b9d75202406a7079a1a083d33f70b5,7e58afd43002acfb82f05af6bbe68bef58c74b7f,extractSuperclass,com.github.mikephil.charting.data.LineDataSet,com.github.mikephil.charting.data.LineDataSet com.github.mikephil.charting.data.LineRadarDataSet ,Started implementation of RadarChart (Spider-Web-Chart). ,https://github.com/PhilJay/MPAndroidChart/commit/6b71988548b9d75202406a7079a1a083d33f70b5,god_class_refactor_examples/1084+PhilJay_MPAndroidChart+6b719+LineDataSet+LineRadarDataSet.csv,1
1100,processing_processing,e37b73a6138e373be57e27305037748cbca02bcc,ff9811307c94f061d218677f35eba02b3313cadc,extractClass,processing.mode.java.pdex.ASTGenerator,processing.mode.java.pdex.ASTGenerator processing.mode.java.pdex.ASTUtils processing.mode.java.pdex.PDEX.ShowUsage processing.mode.java.pdex.PDEX.DebugTree processing.mode.java.pdex.PDEX ,ASTGen: break the revised stuff out into PDEX ,https://github.com/processing/processing/commit/e37b73a6138e373be57e27305037748cbca02bcc,god_class_refactor_examples/1100+processing_processing+e37b7+ASTGenerator+PDEX.csv,4
1104,processing_processing,a8e58bb259462d7f4d0f940b6e5bd758425c2aa2,efa529eabc34c244337f97ad36e9d6cb7d180e78,extractClass,processing.app.Base,processing.app.Base processing.app.Platform ,"cleaning up Base, move Platform things into Platform (#2765) ",https://github.com/processing/processing/commit/a8e58bb259462d7f4d0f940b6e5bd758425c2aa2,god_class_refactor_examples/1104+processing_processing+a8e58+Base+Platform.csv,1
1137,processing_processing,dee316ad9cec8f2d02c5fbf368538b4f5b799e2e,17520e4b60a20dd3eddbcb390d82749a8e4e68fa,extractClass,processing.app.ContributionManager,processing.app.ContributionManager processing.app.ContributionManagerDialog ,"Separate dialog for libraries, tools, and modes   ",https://github.com/processing/processing/commit/dee316ad9cec8f2d02c5fbf368538b4f5b799e2e,god_class_refactor_examples/1137+processing_processing+dee31+ContributionManager+ContributionManagerDialog.csv,1
1170,rovo89_XposedInstaller,dd098abea4327bbac339cf2120ed9d00c5572a99,681c9b1f51443e4ecab09353507da65300b23e07,extractSuperclass,de.robv.android.xposed.installer.util.RepoLoader,de.robv.android.xposed.installer.util.RepoLoader de.robv.android.xposed.installer.util.Loader ,Move some RepoLoader functionality to a new superclass  It can be reused for refreshing the framework ZIP files. ,https://github.com/rovo89/XposedInstaller/commit/dd098abea4327bbac339cf2120ed9d00c5572a99,god_class_refactor_examples/1170+rovo89_XposedInstaller+dd098+RepoLoader+Loader.csv,1
1212,thingsboard_thingsboard,1b9d70f2fe6ace5d1a9b6d7b7ed34869d9924262,f69d1147a68160444d25c7132bd87ca7a444ea5a,extractClass,org.thingsboard.server.dao.device.DeviceProfileServiceImpl,org.thingsboard.server.dao.device.DeviceProfileServiceImpl org.thingsboard.server.dao.service.validator.DeviceDataValidator org.thingsboard.server.dao.service.validator.DeviceProfileDataValidator ,Refactoring validators - moved them to a separate classes ,https://github.com/thingsboard/thingsboard/commit/1b9d70f2fe6ace5d1a9b6d7b7ed34869d9924262,god_class_refactor_examples/1212+thingsboard_thingsboard+1b9d7+DeviceProfileServiceImpl+DeviceProfileDataValidator.csv,2
1247,wiremock_wiremock,84f250839fa60f81059994a62ee50833be5fc5fb,7163aa766e54f65e770a588ec35b8770db00ce31,extractClass,com.github.tomakehurst.wiremock.http.ssl.CertificateGeneratingX509ExtendedKeyManager,com.github.tomakehurst.wiremock.http.ssl.CertificateGeneratingX509ExtendedKeyManager com.github.tomakehurst.wiremock.http.ssl.DynamicKeyStore ,Extract DynamicKeyStore  To encapsulate a Key Store that can add new certificates to itself ,https://github.com/wiremock/wiremock/commit/84f250839fa60f81059994a62ee50833be5fc5fb,god_class_refactor_examples/1247+wiremock_wiremock+84f25+CertificateGeneratingX509ExtendedKeyManager+DynamicKeyStore.csv,1
1339,apache_hbase,55399a03204cf46069808fdd87b3573db02a4015,1528aacacd498ca49f653471b0a2a6f836476609,extractSuperclass,org.apache.hadoop.hbase.regionserver.TestBulkLoad,org.apache.hadoop.hbase.regionserver.TestBulkLoad org.apache.hadoop.hbase.regionserver.TestBulkloadBase ,HBASE-25213 Should request Compaction after bulkLoadHFiles is done (#2587)  Signed-off-by: Guanghao Zhang <zghao@apache.org>  Signed-off-by: Duo Zhang <zhangduo@apache.org>,https://github.com/apache/hbase/commit/55399a03204cf46069808fdd87b3573db02a4015,god_class_refactor_examples/1339+apache_hbase+55399+TestBulkLoad+TestBulkloadBase.csv,1
1343,apache_hbase,be984cc8d4c0bbfeff7d6440b3c096987031ebfb,1e8db480b349d6e90e6e2419455cad9e5eff7f35,extractClass,org.apache.hadoop.hbase.MetaTableAccessor,org.apache.hadoop.hbase.MetaTableAccessor org.apache.hadoop.hbase.replication.ReplicationBarrierFamilyFormat ,HBASE-24986 Move ReplicationBarrier related methods to a separated class (#2354)  Signed-off-by: Guanghao Zhang <zghao@apache.org>,https://github.com/apache/hbase/commit/be984cc8d4c0bbfeff7d6440b3c096987031ebfb,god_class_refactor_examples/1343+apache_hbase+be984+MetaTableAccessor+ReplicationBarrierFamilyFormat.csv,1
1380,apache_incubator-heron,768110126cff3ea98957c86a395be59d85cc6293,fc933aa6b2384bc8b2746f1f162a36ae0cd7e7b2,extractSuperclass,com.twitter.heron.packing.roundrobin.ResourceCompliantRRPackingTest,com.twitter.heron.packing.roundrobin.ResourceCompliantRRPackingTest com.twitter.heron.packing.CommonPackingTests ,Uses consistent scale-down algorithm for both IRepacking classes (#1606)      * clean up formatting  ,https://github.com/apache/incubator-heron/commit/768110126cff3ea98957c86a395be59d85cc6293,god_class_refactor_examples/1380+apache_incubator-heron+76811+ResourceCompliantRRPackingTest+CommonPackingTests.csv,1
1415,Ashok-Varma_BottomNavigation,8f1eda58ca383a169a9177b3e69b1816e42530ed,a851684d6feb7591e94462ab784d222ff1d44fb2,extractSubclass,com.ashokvarma.bottomnavigation.BadgeItem,com.ashokvarma.bottomnavigation.BadgeItem com.ashokvarma.bottomnavigation.TextBadgeItem ,Badge Item Made generic ,https://github.com/Ashok-Varma/BottomNavigation/commit/8f1eda58ca383a169a9177b3e69b1816e42530ed,god_class_refactor_examples/1415+Ashok-Varma_BottomNavigation+8f1ed+BadgeItem+TextBadgeItem.csv,1
1502,Blankj_AndroidUtilCode,4bed20f495b69f94b2dc8dd36ef2c0fd4379f328,5f0b789f02095c99b3145817afad17590af9cc1b,extractClass,com.blankj.utilcode.util.CacheDiskUtils,com.blankj.utilcode.util.CacheDiskUtils com.blankj.utilcode.util.UtilsBridge ,see 03/26 log ,https://github.com/Blankj/AndroidUtilCode/commit/4bed20f495b69f94b2dc8dd36ef2c0fd4379f328,god_class_refactor_examples/1502+Blankj_AndroidUtilCode+4bed2+CacheDiskUtils+UtilsBridge.csv,1
1515,Blankj_AndroidUtilCode,f099a1fb9fedfb00f873c9e5bd968e229e83114e,83735f35b3c67e5026ddcc9cd6c32accb13e1761,extractClass,com.blankj.utilcode.util.DeviceUtils,com.blankj.utilcode.util.DeviceUtils com.blankj.subutil.util.DangerousUtils ,see 06/29 log ,https://github.com/Blankj/AndroidUtilCode/commit/f099a1fb9fedfb00f873c9e5bd968e229e83114e,god_class_refactor_examples/1515+Blankj_AndroidUtilCode+f099a+DeviceUtils+DangerousUtils.csv,1
1571,CalebFenton_simplify,f0ecf98ead8431474f176c33dc986046237e70c8,f23c46e53f42036d79d9830f0ac101774ff8073b,extractClass,org.cf.smalivm.VirtualMachine,org.cf.smalivm.VirtualMachine org.cf.smalivm.ClassManager ,Migrate ClassDef responsibilities to ClassManager  This does not change behavior. It is preparation for implementing lazy loading smali files. ,https://github.com/CalebFenton/simplify/commit/f0ecf98ead8431474f176c33dc986046237e70c8,god_class_refactor_examples/1571+CalebFenton_simplify+f0ecf+VirtualMachine+ClassManager.csv,1
1590,cglib_cglib,072b966cdf8f2e36ff8b1d644df5dc37e94e53d9,11f3e88990933215b96ecb15abb206df16afe560,extractClass,net.sf.cglib.core.Ops,net.sf.cglib.core.Ops net.sf.cglib.core.ReflectOps net.sf.cglib.core.TypeUtils ,"Remove Signatures, Types. Move reflection ops into ReflectOps. ",https://github.com/cglib/cglib/commit/072b966cdf8f2e36ff8b1d644df5dc37e94e53d9,god_class_refactor_examples/1590+cglib_cglib+072b9+Ops+TypeUtils.csv,2
1629,CymChad_BaseRecyclerViewAdapterHelper,7e13383f93f99285819c7a1b9fea08903844ce7d,1fa9a3b002f93c2b790c54def39c9d674f81fcd9,extractSubclass,com.chad.library.adapter.base.BaseQuickAdapter,com.chad.library.adapter.base.BaseQuickAdapter com.chad.library.adapter.base.BaseItemDraggableAdapter ,Change item drag and swipe function to independent class ,https://github.com/CymChad/BaseRecyclerViewAdapterHelper/commit/7e13383f93f99285819c7a1b9fea08903844ce7d,god_class_refactor_examples/1629+CymChad_BaseRecyclerViewAdapterHelper+7e133+BaseQuickAdapter+BaseItemDraggableAdapter.csv,1
1662,deathmarine_Luyten,4999971014d98a00d961101838b0de3967ddc1cc,336a076809430c5e0d533801236b68f4071a95c2,extractClass,com.modcrafting.luyten.Model,com.modcrafting.luyten.Model com.modcrafting.luyten.FileDialog com.modcrafting.luyten.MainMenuBar com.modcrafting.luyten.MainWindow ,Code Outsourcing from Model.java,https://github.com/deathmarine/Luyten/commit/4999971014d98a00d961101838b0de3967ddc1cc,god_class_refactor_examples/1662+deathmarine_Luyten+49999+Model+MainWindow.csv,3
1803,eleme_UETool,741809e54090e7d693a715b4036e26cef67e05e3,637c1421ee40d7746ba8134c31b1ae15a7243211,extractClass,me.ele.uetool.Util,me.ele.uetool.Util me.ele.uetool.fresco.UETFresco ,split freso module ,https://github.com/eleme/UETool/commit/741809e54090e7d693a715b4036e26cef67e05e3,god_class_refactor_examples/1803+eleme_UETool+74180+Util+UETFresco.csv,1
1814,fabric8io_kubernetes-client,3eb9746c409e940dda0265cf4b6fec65ec69bfdb,d8d5ebb2315dca8a8b2b2401b7fec0f0ca51bd5a,extractSuperclass,io.fabric8.openshift.client.osgi.ManagedOpenShiftClient,io.fabric8.openshift.client.osgi.ManagedOpenShiftClient io.fabric8.kubernetes.client.osgi.NamespacedKubernetesClientAdapter ,adding Client.newClient to support withRequestConfig  with the new async logic we cannot rely on a threadlocal and instead need a whole new client.  also cleaning up the adapting methods for managed clients ,https://github.com/fabric8io/kubernetes-client/commit/3eb9746c409e940dda0265cf4b6fec65ec69bfdb,god_class_refactor_examples/1814+fabric8io_kubernetes-client+3eb97+ManagedOpenShiftClient+NamespacedKubernetesClientAdapter.csv,1
1831,Freeyourgadget_Gadgetbridge,90ae3d0019346e2da65f2559588fde0590387f00,ec3b3bf617beaa4de87179d3f088f6f7cb7a9927,extractSuperclass,nodomain.freeyourgadget.gadgetbridge.service.devices.casio.CasioGB6900DeviceSupport,nodomain.freeyourgadget.gadgetbridge.service.devices.casio.CasioGB6900DeviceSupport nodomain.freeyourgadget.gadgetbridge.service.devices.casio.CasioSupport ,Refactor Casio support and fix alarm handling on all devices ,https://github.com/Freeyourgadget/Gadgetbridge/commit/90ae3d0019346e2da65f2559588fde0590387f00,god_class_refactor_examples/1831+Freeyourgadget_Gadgetbridge+90ae3+CasioGB6900DeviceSupport+CasioSupport.csv,1
1832,Freeyourgadget_Gadgetbridge,90ae3d0019346e2da65f2559588fde0590387f00,ec3b3bf617beaa4de87179d3f088f6f7cb7a9927,extractSuperclass,nodomain.freeyourgadget.gadgetbridge.service.devices.casio.CasioGBX100DeviceSupport,nodomain.freeyourgadget.gadgetbridge.service.devices.casio.CasioGBX100DeviceSupport nodomain.freeyourgadget.gadgetbridge.service.devices.casio.CasioSupport ,Refactor Casio support and fix alarm handling on all devices ,https://github.com/Freeyourgadget/Gadgetbridge/commit/90ae3d0019346e2da65f2559588fde0590387f00,god_class_refactor_examples/1832+Freeyourgadget_Gadgetbridge+90ae3+CasioGBX100DeviceSupport+CasioSupport.csv,1
1838,Freeyourgadget_Gadgetbridge,71a411bfefca7e2774df9205125f6ccb58b254f4,35dbbd6a318da0b9bc00a2fa31195c88f69392d6,extractSuperclass,nodomain.freeyourgadget.gadgetbridge.service.devices.jyou.y5.Y5Support,nodomain.freeyourgadget.gadgetbridge.service.devices.jyou.y5.Y5Support nodomain.freeyourgadget.gadgetbridge.service.devices.jyou.JYouSupport ,Add a JYouSupport base class as suggested by @ashimokawa   - has common code used by TeclastH30Support and Y5Support ,https://github.com/Freeyourgadget/Gadgetbridge/commit/71a411bfefca7e2774df9205125f6ccb58b254f4,god_class_refactor_examples/1838+Freeyourgadget_Gadgetbridge+71a41+Y5Support+JYouSupport.csv,1
1840,Freeyourgadget_Gadgetbridge,187600b07690f972cabac5b05575bb17caba7076,93726f9e375bf17c57a49e5edcde67231f22894d,extractClass,nodomain.freeyourgadget.gadgetbridge.service.devices.qhybrid.QHybridSupport,nodomain.freeyourgadget.gadgetbridge.service.devices.qhybrid.QHybridSupport nodomain.freeyourgadget.gadgetbridge.service.devices.qhybrid.adapter.misfit.MisfitWatchAdapter ,added abstraction layer ,https://github.com/Freeyourgadget/Gadgetbridge/commit/187600b07690f972cabac5b05575bb17caba7076,god_class_refactor_examples/1840+Freeyourgadget_Gadgetbridge+18760+QHybridSupport+MisfitWatchAdapter.csv,1
1878,Freeyourgadget_Gadgetbridge,3e0bc167412fd1e0a4b449a5797ff8b75aeb482b,6e44ddaee6c8163f838cb64c0f196d10ac533984,extractClass,nodomain.freeyourgadget.gadgetbridge.devices.AbstractSampleProvider,nodomain.freeyourgadget.gadgetbridge.devices.AbstractSampleProvider nodomain.freeyourgadget.gadgetbridge.LockHandler ,"More WIP, but we're getting closer  current state: - storing samples works (tested only mi band) - charts work ",https://github.com/Freeyourgadget/Gadgetbridge/commit/3e0bc167412fd1e0a4b449a5797ff8b75aeb482b,god_class_refactor_examples/1878+Freeyourgadget_Gadgetbridge+3e0bc+AbstractSampleProvider+LockHandler.csv,1
1970,grantland_android-autofittextview,d890646b5bdcc149704055ae4898046d26e9cfae,46d2a2fc844d3a169bf5476c0e11bbfa989364cb,extractClass,me.grantland.widget.AutofitTextView,me.grantland.widget.AutofitTextView me.grantland.widget.AutofitHelper ,Added AutofitHelper  * Moved autofit logic from AutofitTextView * Can utilize in any subclass of TextView (#13) * AutofitHelper.OnTextSizeChangeListener to listen for textSize changes ,https://github.com/grantland/android-autofittextview/commit/d890646b5bdcc149704055ae4898046d26e9cfae,god_class_refactor_examples/1970+grantland_android-autofittextview+d8906+AutofitTextView+AutofitHelper.csv,1
1982,grpc_grpc-java,0be913467dbdbf09abe7a8ec2a9b8de796a3c3ad,486d82a7e112abcad090e37b7ce5114978644923,extractClass,io.grpc.xds.EdsLoadBalancer2Test,io.grpc.xds.EdsLoadBalancer2Test io.grpc.xds.ClusterImplLoadBalancerTest ,"xds: move drop support and circuit breaking into xds_cluster_impl LB policy (#7631)  Implementation for cluster_impl LB policy as per C2P design. This policy sits in the middle of priority LB policy and weighted_target LB policy, its major functionality is to handle drops and apply circuit breakers.    The idea is to move implementations of handling drops and circuit breakers from the EDS LB policy (will be split to cluster_resolver LB policy and cluster_impl LB policy) to cluster_impl LB policy.",https://github.com/grpc/grpc-java/commit/0be913467dbdbf09abe7a8ec2a9b8de796a3c3ad,god_class_refactor_examples/1982+grpc_grpc-java+0be91+EdsLoadBalancer2Test+ClusterImplLoadBalancerTest.csv,1
2002,grpc_grpc-java,2de5b4e254a09f69555251151c2a8b950310bc9b,718f0369cbf55e672877443211f5a7e2d9a71385,extractClass,io.grpc.xds.XdsClientImplTest,io.grpc.xds.XdsClientImplTest io.grpc.xds.XdsClientTestHelper ,xds: move methods for building test xDS proto messages into a utility class (#6501)  Move helper methods for building xDS protobuf messages into a utility class for code sharing. Tests for gRPC components that use `XdsClient` instance may want to use these methods as well.  ,https://github.com/grpc/grpc-java/commit/2de5b4e254a09f69555251151c2a8b950310bc9b,god_class_refactor_examples/2002+grpc_grpc-java+2de5b+XdsClientImplTest+XdsClientTestHelper.csv,1
2082,grpc_grpc-java,048649e5e4a47a92b2e8e5236322e4033089a585,4e315e011061f3a345e0025a22c80c0ce13a12a3,extractSuperclass,com.google.net.stubby.newtransport.netty.NettyClientHandlerTest,com.google.net.stubby.newtransport.netty.NettyClientHandlerTest com.google.net.stubby.newtransport.netty.NettyHandlerTestBase ,"Implements the netty-based server transport.  Interface changes - Moves halfClose() from Stream to ClientStream, because it's only valid on the client and ServerStream already has close().  Implementation details - Splits the cient-specific logic from AbstractStream and forms AbstractClientStream. - Creates AbstractServerStream for server-specific logic - Creates NettyServerHandler which is the server counterpart of NettyClientHandler - Refactors NettyClientHandlerTest and NettyClientStreamTest to share code with NettyServerHandlerTest and NettyServerStreamTest - Updated NettyServer to work with the transport. ------------- Created by MOE: http://code.google.com/p/moe-java MOE_MIGRATED_REVID=74347890 ",https://github.com/grpc/grpc-java/commit/048649e5e4a47a92b2e8e5236322e4033089a585,god_class_refactor_examples/2082+grpc_grpc-java+04864+NettyClientHandlerTest+NettyHandlerTestBase.csv,1
2083,grpc_grpc-java,048649e5e4a47a92b2e8e5236322e4033089a585,4e315e011061f3a345e0025a22c80c0ce13a12a3,extractSuperclass,com.google.net.stubby.newtransport.netty.NettyClientStreamTest,com.google.net.stubby.newtransport.netty.NettyClientStreamTest com.google.net.stubby.newtransport.netty.NettyStreamTestBase ,"Implements the netty-based server transport.  Interface changes - Moves halfClose() from Stream to ClientStream, because it's only valid on the client and ServerStream already has close().  Implementation details - Splits the cient-specific logic from AbstractStream and forms AbstractClientStream. - Creates AbstractServerStream for server-specific logic - Creates NettyServerHandler which is the server counterpart of NettyClientHandler - Refactors NettyClientHandlerTest and NettyClientStreamTest to share code with NettyServerHandlerTest and NettyServerStreamTest - Updated NettyServer to work with the transport. ------------- Created by MOE: http://code.google.com/p/moe-java MOE_MIGRATED_REVID=74347890 ",https://github.com/grpc/grpc-java/commit/048649e5e4a47a92b2e8e5236322e4033089a585,god_class_refactor_examples/2083+grpc_grpc-java+04864+NettyClientStreamTest+NettyStreamTestBase.csv,1
2089,h2database_h2database,3fd43e46d3fb4daa3a270c7e7458a436a8074ebd,0991a8adc4271e8de4ecfec29557539e16082fa9,extractSuperclass,org.h2.table.TableView,org.h2.table.TableView org.h2.table.QueryExpressionTable ,Fix OOME with nested derived tables ,https://github.com/h2database/h2database/commit/3fd43e46d3fb4daa3a270c7e7458a436a8074ebd,god_class_refactor_examples/2089+h2database_h2database+3fd43+TableView+QueryExpressionTable.csv,1
2095,h2database_h2database,2fa2aa09e639c566a4222bb19808a766523af2c2,cab5338ee7844b9358bbed7e1da3e686e1dfb8a6,extractSubclass,org.h2.value.ValueLob,org.h2.value.ValueLob org.h2.value.ValueBlob org.h2.value.ValueClob ,Add separate LOB data layer for values ,https://github.com/h2database/h2database/commit/2fa2aa09e639c566a4222bb19808a766523af2c2,god_class_refactor_examples/2095+h2database_h2database+2fa2a+ValueLob+ValueClob.csv,2
2107,h2database_h2database,375a6d6e1260a9e4f84fb2ddddad9aaf6984d635,923e1a500e634df3b86d899b85856c0978e333b2,extractSuperclass,org.h2.result.ResultRemote,org.h2.result.ResultRemote org.h2.result.FetchedResult ,Add FetchedResult as a base class for LazyResult and ResultRemote ,https://github.com/h2database/h2database/commit/375a6d6e1260a9e4f84fb2ddddad9aaf6984d635,god_class_refactor_examples/2107+h2database_h2database+375a6+ResultRemote+FetchedResult.csv,1
2108,h2database_h2database,375a6d6e1260a9e4f84fb2ddddad9aaf6984d635,923e1a500e634df3b86d899b85856c0978e333b2,extractSuperclass,org.h2.result.LazyResult,org.h2.result.LazyResult org.h2.result.FetchedResult ,Add FetchedResult as a base class for LazyResult and ResultRemote ,https://github.com/h2database/h2database/commit/375a6d6e1260a9e4f84fb2ddddad9aaf6984d635,god_class_refactor_examples/2108+h2database_h2database+375a6+LazyResult+FetchedResult.csv,1
2144,h2database_h2database,f6c84d81089585dd095f7cd3d440f9ebbc8055a4,eeb6ca2deee36119417273c2ccef1e6f46296a37,extractSuperclass,org.h2.value.ValueNumeric,org.h2.value.ValueNumeric org.h2.value.ValueBigDecimalBase ,Initial implementation of DECFLOAT data type ,https://github.com/h2database/h2database/commit/f6c84d81089585dd095f7cd3d440f9ebbc8055a4,god_class_refactor_examples/2144+h2database_h2database+f6c84+ValueNumeric+ValueBigDecimalBase.csv,1
2161,h2database_h2database,7c6f025d624eabc73136d3444176f7b74d9852f1,0dfaa93920cdd6707875a5a8b1d79f0ce7391fcc,extractSubclass,org.h2.value.ValueLob,org.h2.value.ValueLob org.h2.value.ValueLobDatabase org.h2.value.ValueLobFile org.h2.value.ValueLobInMemory ,"split up the ValueLob classes  into separate subclasses, each reflective of their specific purpose, to make state management explicit here. ",https://github.com/h2database/h2database/commit/7c6f025d624eabc73136d3444176f7b74d9852f1,god_class_refactor_examples/2161+h2database_h2database+7c6f0+ValueLob+ValueLobInMemory.csv,3
2165,h2database_h2database,a6dc79f39f3d318a380b871f253a6e86dbb1c294,4ffaf4de29255a45c9faa9ec8f060b661e5086ac,extractSuperclass,org.h2.expression.BinaryOperation,org.h2.expression.BinaryOperation org.h2.expression.Operation2 ,Add abstract class Operation2 to reduce code duplication ,https://github.com/h2database/h2database/commit/a6dc79f39f3d318a380b871f253a6e86dbb1c294,god_class_refactor_examples/2165+h2database_h2database+a6dc7+BinaryOperation+Operation2.csv,1
2171,h2database_h2database,e71ada9fe9bf82d113525c1039a98679e584b347,0dfb089b3699aafe03f696ff18c0d775ce931150,extractSuperclass,org.h2.value.ValueJson,org.h2.value.ValueJson org.h2.value.ValueBytesBase ,Add abstract ValueBytesBase class ,https://github.com/h2database/h2database/commit/e71ada9fe9bf82d113525c1039a98679e584b347,god_class_refactor_examples/2171+h2database_h2database+e71ad+ValueJson+ValueBytesBase.csv,1
2189,h2database_h2database,06c0027b5d5d901319efdeeb5005b099361d3168,1ee68a36e238448470441ae47b0817d83b9f0779,extractSuperclass,org.h2.table.FunctionTable,org.h2.table.FunctionTable org.h2.table.VirtualTable ,Extract some code from FunctionTable into new parent class VirtualTable ,https://github.com/h2database/h2database/commit/06c0027b5d5d901319efdeeb5005b099361d3168,god_class_refactor_examples/2189+h2database_h2database+06c00+FunctionTable+VirtualTable.csv,1
2191,h2database_h2database,e54decc1c58fd5883c68df2b685e4eb0f64b37b2,19ed66c8bf95492225d392fab54e641d90d31020,extractSuperclass,org.h2.mvstore.db.MVTable,org.h2.mvstore.db.MVTable org.h2.table.RegularTable ,Extract shared code into RegularTable ,https://github.com/h2database/h2database/commit/e54decc1c58fd5883c68df2b685e4eb0f64b37b2,god_class_refactor_examples/2191+h2database_h2database+e54de+MVTable+RegularTable.csv,1
2192,h2database_h2database,e54decc1c58fd5883c68df2b685e4eb0f64b37b2,19ed66c8bf95492225d392fab54e641d90d31020,extractSuperclass,org.h2.table.PageStoreTable,org.h2.table.PageStoreTable org.h2.table.RegularTable ,Extract shared code into RegularTable ,https://github.com/h2database/h2database/commit/e54decc1c58fd5883c68df2b685e4eb0f64b37b2,god_class_refactor_examples/2192+h2database_h2database+e54de+PageStoreTable+RegularTable.csv,1
2200,h2database_h2database,25b98d52c19bb87185aaae846d8bcdcf6edbf5bc,7e39f8a210eabe0beaa376cfca4cf5d48b64cf0b,extractClass,org.h2.command.dml.MergeUsing,org.h2.command.dml.MergeUsing org.h2.command.dml.MergeUsing.WhenMatched org.h2.command.dml.MergeUsing.WhenNotMatched ,Allow multiple WHEN conditions in MERGE USING ,https://github.com/h2database/h2database/commit/25b98d52c19bb87185aaae846d8bcdcf6edbf5bc,god_class_refactor_examples/2200+h2database_h2database+25b98+MergeUsing+WhenNotMatched.csv,2
2203,h2database_h2database,08913f798a76c21b6e582153de41c2247dfeb635,3814c595ef4753a230e8ff81e553c59ed1493854,extractSuperclass,org.h2.expression.aggregate.AbstractAggregate,org.h2.expression.aggregate.AbstractAggregate org.h2.expression.aggregate.DataAnalysisOperation ,Extract DataAnalysisOperation from AbstractAggregate ,https://github.com/h2database/h2database/commit/08913f798a76c21b6e582153de41c2247dfeb635,god_class_refactor_examples/2203+h2database_h2database+08913+AbstractAggregate+DataAnalysisOperation.csv,1
2209,h2database_h2database,f0169c8820132efb8b1a82cf5d9a5754cf1cd990,f6a0794f7413f3b49878850db16d89a13fe66dcc,extractClass,org.h2.util.DateTimeUtils,org.h2.util.DateTimeUtils org.h2.util.IntervalUtils ,Extract IntervalUtils from DateTimeUtils ,https://github.com/h2database/h2database/commit/f0169c8820132efb8b1a82cf5d9a5754cf1cd990,god_class_refactor_examples/2209+h2database_h2database+f0169+DateTimeUtils+IntervalUtils.csv,1
2227,h2database_h2database,2c903f83a96c419df2ca4a316632a1efbf48dd94,cf06d6ec2e3ad7ca86268e6c84b3a1d465b868a9,extractSuperclass,org.h2.value.ValueEnum,org.h2.value.ValueEnum org.h2.value.ValueEnumBase ,"enum-support: in Transfer, use base ValueEnumBase when reading ",https://github.com/h2database/h2database/commit/2c903f83a96c419df2ca4a316632a1efbf48dd94,god_class_refactor_examples/2227+h2database_h2database+2c903+ValueEnum+ValueEnumBase.csv,1
2241,h2database_h2database,5f3ca2005ac31e7109c9f44653d1ad8767472e01,62710f4f96c9b1ff6635221024dcde641eba94f7,extractClass,org.h2.dev.store.btree.BtreeMap,org.h2.dev.store.btree.BtreeMap org.h2.dev.store.btree.DataUtils ,Documentation,https://github.com/h2database/h2database/commit/5f3ca2005ac31e7109c9f44653d1ad8767472e01,god_class_refactor_examples/2241+h2database_h2database+5f3ca+BtreeMap+DataUtils.csv,1
2245,h2database_h2database,1779fdf179095ed5ad41da1943f325b20706c36b,e78bb783f4688dbc0221235c77a38e4ef4cc4a43,extractClass,org.h2.util.IOUtils,org.h2.util.IOUtils org.h2.store.fs.FileUtils ,Improved compatibility with the Java 7 FileSystem abstraction.,https://github.com/h2database/h2database/commit/1779fdf179095ed5ad41da1943f325b20706c36b,god_class_refactor_examples/2245+h2database_h2database+1779f+IOUtils+FileUtils.csv,1
2248,h2database_h2database,63ff66435d25cee15c89d447b8ac63a2c629684f,0068afd00841cfaa95b9e71cbe47289d6941f400,extractSuperclass,org.h2.test.utils.RecordingFileSystem,org.h2.test.utils.RecordingFileSystem org.h2.store.fs.FileSystemWrapper ,TCP Server: a base directory with a prefix with a database name with prefix didn't work as expected (this only applies to non-disk and wrapped file systems).,https://github.com/h2database/h2database/commit/63ff66435d25cee15c89d447b8ac63a2c629684f,god_class_refactor_examples/2248+h2database_h2database+63ff6+RecordingFileSystem+FileSystemWrapper.csv,1
2250,h2database_h2database,63ff66435d25cee15c89d447b8ac63a2c629684f,0068afd00841cfaa95b9e71cbe47289d6941f400,extractSuperclass,org.h2.store.fs.FileSystemSplit,org.h2.store.fs.FileSystemSplit org.h2.store.fs.FileSystemWrapper ,TCP Server: a base directory with a prefix with a database name with prefix didn't work as expected (this only applies to non-disk and wrapped file systems).,https://github.com/h2database/h2database/commit/63ff66435d25cee15c89d447b8ac63a2c629684f,god_class_refactor_examples/2250+h2database_h2database+63ff6+FileSystemSplit+FileSystemWrapper.csv,1
2262,h2database_h2database,edce69342da3fb6d36a1835930c39c0619ff107b,a35fdf7de26a8e7aa9be17cb75de2903a02d69c4,extractClass,org.h2.fulltext.FullText,org.h2.fulltext.FullText org.h2.fulltext.FullText.FullTextTrigger ,fulltext search refactoring,https://github.com/h2database/h2database/commit/edce69342da3fb6d36a1835930c39c0619ff107b,god_class_refactor_examples/2262+h2database_h2database+edce6+FullText+FullTextTrigger.csv,1
2265,h2database_h2database,ab1e8d62dd713a80597c864d35b66ac956e060cf,784e7774be051b59cc35be42c3dd1644ac216322,extractClass,org.h2.util.FileUtils,org.h2.util.FileUtils org.h2.store.fs.FileSystem org.h2.store.fs.FileSystemDisk ,,https://github.com/h2database/h2database/commit/ab1e8d62dd713a80597c864d35b66ac956e060cf,god_class_refactor_examples/2265+h2database_h2database+ab1e8+FileUtils+FileSystemDisk.csv,2
2322,h2oai_h2o-2,f7b4e120ef2fcc5d672e7236cf4935dc859f97c8,01147d80b9df3416a6831a04e50ca1bb23ff22fb,extractClass,H2OInit.Boot,H2OInit.Boot H2OInit.Weaver ,Separate weaving from classloading ,https://github.com/h2oai/h2o-2/commit/f7b4e120ef2fcc5d672e7236cf4935dc859f97c8,god_class_refactor_examples/2322+h2oai_h2o-2+f7b4e+Boot+Weaver.csv,1
2380,jboss-javassist_javassist,cdca9771599b4c3337aaf42cf7460a27dc1719d5,ced4ae1f0e2130b36cb51faf6345d5b8e036585e,extractClass,javassist.compiler.MemberCodeGen,javassist.compiler.MemberCodeGen javassist.compiler.MemberResolver ,I implemented a type checker for better code generation.   git-svn-id: http://anonsvn.jboss.org/repos/javassist/trunk@55 30ef5769-5b8d-40dd-aea6-55b5d6557bb3 ,https://github.com/jboss-javassist/javassist/commit/cdca9771599b4c3337aaf42cf7460a27dc1719d5,god_class_refactor_examples/2380+jboss-javassist_javassist+cdca9+MemberCodeGen+MemberResolver.csv,1
2409,JesusFreke_smali,7301fbe30e6661c67c33552efd28a8d7587aba3d,fd26bc6062ab671ad7675c7cca0465b74723f16b,extractClass,org.jf.dexlib2.dexbacked.DexBuffer,org.jf.dexlib2.dexbacked.DexBuffer org.jf.dexlib2.dexbacked.BaseDexReader ,Refactor DexBuffer and DexReader to make them easier to test ,https://github.com/JesusFreke/smali/commit/7301fbe30e6661c67c33552efd28a8d7587aba3d,god_class_refactor_examples/2409+JesusFreke_smali+7301f+DexBuffer+BaseDexReader.csv,1
2425,jhy_jsoup,f71712ba5d28df09c9a5b6e3c8a37f05f5e3372d,5e386d51f396deec5743ca9cc4e3f0e7559d3956,extractSuperclass,org.jsoup.nodes.TextNode,org.jsoup.nodes.TextNode org.jsoup.nodes.LeafNode ,"Project :: Slimfast  Refactored node hierarchy so that leaf nodes (text, comments, scripts, etc) use 24 bytes vs 40 bytes each. ",https://github.com/jhy/jsoup/commit/f71712ba5d28df09c9a5b6e3c8a37f05f5e3372d,god_class_refactor_examples/2425+jhy_jsoup+f7171+TextNode+LeafNode.csv,1
2446,jitsi_jitsi,580bdefb343734bf9494bc6c4e353a2f05b96cb8,3b961a9f8a3b86884436537f9ec8e9cf3028393e,extractClass,net.java.sip.communicator.impl.protocol.irc.IrcConnection,net.java.sip.communicator.impl.protocol.irc.IrcConnection net.java.sip.communicator.impl.protocol.irc.ChannelManager ,Extracted channel manager for chat room-related operations. ,https://github.com/jitsi/jitsi/commit/580bdefb343734bf9494bc6c4e353a2f05b96cb8,god_class_refactor_examples/2446+jitsi_jitsi+580bd+IrcConnection+ChannelManager.csv,1
2457,jitsi_jitsi,be3bcff1ec1d0df18fae184761e25d3454e40e9f,100ffddbcd0854b97e5b5e4946e35e163f2014d3,extractClass,net.java.sip.communicator.impl.gui.main.chat.conference.ConferenceChatManager,net.java.sip.communicator.impl.gui.main.chat.conference.ConferenceChatManager net.java.sip.communicator.impl.muc.MUCServiceImpl ,"Adds new MUC bundle to handle the chat rooms. Moves ChatRoomWrapper, ChatRoomList and ChatRoomProviderWrapper classes from GUI to the MUC bundle. Moves most of ConferenceChatManager methods in  MUCService. ",https://github.com/jitsi/jitsi/commit/be3bcff1ec1d0df18fae184761e25d3454e40e9f,god_class_refactor_examples/2457+jitsi_jitsi+be3bc+ConferenceChatManager+MUCServiceImpl.csv,1
2470,jitsi_jitsi,c5db7000df3e1179e1bc9edf7a3dc44a22dea18f,f8d1421ccac6699e9855f9b83d9d3a9b91294ddf,extractSuperclass,net.java.sip.communicator.impl.resources.ResourceManagementServiceImpl,net.java.sip.communicator.impl.resources.ResourceManagementServiceImpl net.java.sip.communicator.service.resources.AbstractResourcesService ,"Adds an abstract general implementation of the ResourceManagementService, which provides a general implementation of resource pack management and can be used by more specific implementations for desktop and android. Patch provided by Pawel Domas on dev (subject: ""[PATCH] Android implementation of ResourceManagementService""). ",https://github.com/jitsi/jitsi/commit/c5db7000df3e1179e1bc9edf7a3dc44a22dea18f,god_class_refactor_examples/2470+jitsi_jitsi+c5db7+ResourceManagementServiceImpl+AbstractResourcesService.csv,1
2475,jitsi_jitsi,91b72c32024340e10cb9d295055666d07f41795e,cd2a006b80c6502910387442c5f038b8ef2e8791,extractClass,net.java.sip.communicator.util.GuiUtils,net.java.sip.communicator.util.GuiUtils net.java.sip.communicator.plugin.desktoputil.ComponentUtils net.java.sip.communicator.plugin.desktoputil.WindowUtils ,Moves desktop related utils to plugin/desktoputils. Separates ComponentUtils and WindowsUtils from general GuiUtils. ,https://github.com/jitsi/jitsi/commit/91b72c32024340e10cb9d295055666d07f41795e,god_class_refactor_examples/2475+jitsi_jitsi+91b72+GuiUtils+WindowUtils.csv,2
2517,jitsi_jitsi,3186bca42c2fb5c62d7cea630e37e9173ecff6b3,c84999149c6dee4b4f5edf7e223e44fb7fa46a1b,extractSuperclass,net.java.sip.communicator.impl.protocol.sip.ServerStoredContactListSipImpl,net.java.sip.communicator.impl.protocol.sip.ServerStoredContactListSipImpl net.java.sip.communicator.impl.protocol.sip.ServerStoredContactList ,Separates xcap contactlist implementation and adds option for contacts retrieval from XiVO. ,https://github.com/jitsi/jitsi/commit/3186bca42c2fb5c62d7cea630e37e9173ecff6b3,god_class_refactor_examples/2517+jitsi_jitsi+3186b+ServerStoredContactListSipImpl+ServerStoredContactList.csv,1
2526,jitsi_jitsi,5d8f00db513e6d8a0e7e5ae1e8035905477c3f80,785eec24c4be7ffc7fd6bada7797db8af71865bb,extractSubclass,net.java.sip.communicator.impl.neomedia.RTPConnectorImpl,net.java.sip.communicator.impl.neomedia.RTPConnectorImpl net.java.sip.communicator.impl.neomedia.RTPConnectorTCPImpl net.java.sip.communicator.impl.neomedia.RTPConnectorUDPImpl ,Adds support for RTP over TCP and Google Talk's TCP/TURN-TCP/TURN-SSLTCP candidates. ,https://github.com/jitsi/jitsi/commit/5d8f00db513e6d8a0e7e5ae1e8035905477c3f80,god_class_refactor_examples/2526+jitsi_jitsi+5d8f0+RTPConnectorImpl+RTPConnectorUDPImpl.csv,2
2541,jitsi_jitsi,1ccc8a5f2875f1e49d7d7d3945f11b92cffe8df6,b741c059fbf244619d229e068f91d4c2e4ef691f,extractClass,net.java.sip.communicator.plugin.jabberaccregwizz.FirstWizardPage,net.java.sip.communicator.plugin.jabberaccregwizz.FirstWizardPage net.java.sip.communicator.plugin.jabberaccregwizz.AccountPanel net.java.sip.communicator.plugin.jabberaccregwizz.ConnectionPanel ,New configurations prepared for the arrive of ice and stun support. ,https://github.com/jitsi/jitsi/commit/1ccc8a5f2875f1e49d7d7d3945f11b92cffe8df6,god_class_refactor_examples/2541+jitsi_jitsi+1ccc8+FirstWizardPage+ConnectionPanel.csv,2
2542,jitsi_jitsi,61098ebcbdd276e06e7983ecb3af1bac4de0513e,69cc3d122e3505a1963e715603e3671384baa3a3,extractSubclass,net.java.sip.communicator.impl.gui.main.MainFrame,net.java.sip.communicator.impl.gui.main.MainFrame net.java.sip.communicator.impl.gui.main.MainFrameStandard ,First checkin of new GUI classes to support touch screen devices.  This new GUI simpifies handling of SC on devices that do not have a real keyboard and use touch screens instead. ,https://github.com/jitsi/jitsi/commit/61098ebcbdd276e06e7983ecb3af1bac4de0513e,god_class_refactor_examples/2542+jitsi_jitsi+61098+MainFrame+MainFrameStandard.csv,1
2545,jitsi_jitsi,42da4218b092c62e11a0a58ea486f2d9d1f874e4,ac6b1ec920077c8fe81d1b3527c787b9cf50388c,extractSuperclass,net.java.sip.communicator.impl.protocol.sip.CallPeerSipImpl,net.java.sip.communicator.impl.protocol.sip.CallPeerSipImpl net.java.sip.communicator.service.protocol.media.AbstractMediaAwareCallPeer ,Moves code from call peer's sip implementation to a super class that would be shared with the jabber implementation ,https://github.com/jitsi/jitsi/commit/42da4218b092c62e11a0a58ea486f2d9d1f874e4,god_class_refactor_examples/2545+jitsi_jitsi+42da4+CallPeerSipImpl+AbstractMediaAwareCallPeer.csv,1
2547,jitsi_jitsi,9bb144b9fac4de883311f8f48c2c82a2fec38706,04cac3354cde9cbbf72cd91cef559a02d0143b20,extractSuperclass,net.java.sip.communicator.impl.protocol.sip.CallSipImpl,net.java.sip.communicator.impl.protocol.sip.CallSipImpl net.java.sip.communicator.service.protocol.media.AbstractMediaAwareCall ,Moves code from call peer's sip implementation to a super class that would be shared with the jabber implementation ,https://github.com/jitsi/jitsi/commit/9bb144b9fac4de883311f8f48c2c82a2fec38706,god_class_refactor_examples/2547+jitsi_jitsi+9bb14+CallSipImpl+AbstractMediaAwareCall.csv,1
2584,jitsi_jitsi,f2915b330543f10b04369c821959ce021f9f1c9f,d7be117c09946bf02f260c6b0dfb09e1ca610382,extractSuperclass,net.java.sip.communicator.impl.gui.main.call.CallPeerPanel,net.java.sip.communicator.impl.gui.main.call.CallPeerPanel net.java.sip.communicator.impl.gui.main.call.ParentCallPeerPanel ,Ongoing work on call conference user interface. Including part of the work of Dilshan Amadoru accomplished during his GSoC program. ,https://github.com/jitsi/jitsi/commit/f2915b330543f10b04369c821959ce021f9f1c9f,god_class_refactor_examples/2584+jitsi_jitsi+f2915+CallPeerPanel+ParentCallPeerPanel.csv,1
2598,jitsi_jitsi,ee42825cc5a17afd5aea166ba979e9c5dadc1653,5dec195848b0caca6422b50ac850673ef492483e,extractSuperclass,net.java.sip.communicator.impl.gui.main.menus.MoreButton,net.java.sip.communicator.impl.gui.main.menus.MoreButton net.java.sip.communicator.service.gui.AbstractPluginComponent ,Introduces AbstractPluginComponent which removes duplication from implementations of PluginComponent. Breaks the OTR menu and button in the Chat window (at least) because PluginComponent#setCurrentContact() only works for PluginComponents which are of type Component. ,https://github.com/jitsi/jitsi/commit/ee42825cc5a17afd5aea166ba979e9c5dadc1653,god_class_refactor_examples/2598+jitsi_jitsi+ee428+MoreButton+AbstractPluginComponent.csv,1
2602,jitsi_jitsi,e2974c6817103f85d8542809a20eede9db8d5142,55b0e3520af51d7324abf24d2a88879d2b894b25,extractClass,net.java.sip.communicator.plugin.otr.ScOtrEngineImpl,net.java.sip.communicator.plugin.otr.ScOtrEngineImpl net.java.sip.communicator.plugin.otr.ScOtrKeyManagerImpl ,Moved key management functionality from ScOtrEngineImpl to ScOtrKeyManager (new). Updated otr4j@112 ,https://github.com/jitsi/jitsi/commit/e2974c6817103f85d8542809a20eede9db8d5142,god_class_refactor_examples/2602+jitsi_jitsi+e2974+ScOtrEngineImpl+ScOtrKeyManagerImpl.csv,1
2603,jitsi_jitsi,28f2f8e22a16592921dc773fe34b6e1846dd6e03,b5a7e024dbaa79bb30a55932f63f1e6f0e307a89,extractSuperclass,net.java.sip.communicator.impl.protocol.icq.OperationSetMultiUserChatIcqImpl,net.java.sip.communicator.impl.protocol.icq.OperationSetMultiUserChatIcqImpl net.java.sip.communicator.service.protocol.AbstractOperationSetMultiUserChat ,Introduces a default implementation of OperationSetMultiUserChat which removes duplications from extenders and fixes warnings. ,https://github.com/jitsi/jitsi/commit/28f2f8e22a16592921dc773fe34b6e1846dd6e03,god_class_refactor_examples/2603+jitsi_jitsi+28f2f+OperationSetMultiUserChatIcqImpl+AbstractOperationSetMultiUserChat.csv,1
2604,jitsi_jitsi,28f2f8e22a16592921dc773fe34b6e1846dd6e03,b5a7e024dbaa79bb30a55932f63f1e6f0e307a89,extractSuperclass,net.java.sip.communicator.impl.protocol.jabber.OperationSetMultiUserChatJabberImpl,net.java.sip.communicator.impl.protocol.jabber.OperationSetMultiUserChatJabberImpl net.java.sip.communicator.service.protocol.AbstractOperationSetMultiUserChat ,Introduces a default implementation of OperationSetMultiUserChat which removes duplications from extenders and fixes warnings. ,https://github.com/jitsi/jitsi/commit/28f2f8e22a16592921dc773fe34b6e1846dd6e03,god_class_refactor_examples/2604+jitsi_jitsi+28f2f+OperationSetMultiUserChatJabberImpl+AbstractOperationSetMultiUserChat.csv,1
2608,jitsi_jitsi,28f2f8e22a16592921dc773fe34b6e1846dd6e03,b5a7e024dbaa79bb30a55932f63f1e6f0e307a89,extractSuperclass,net.java.sip.communicator.impl.protocol.yahoo.OperationSetMultiUserChatYahooImpl,net.java.sip.communicator.impl.protocol.yahoo.OperationSetMultiUserChatYahooImpl net.java.sip.communicator.service.protocol.AbstractOperationSetMultiUserChat ,Introduces a default implementation of OperationSetMultiUserChat which removes duplications from extenders and fixes warnings. ,https://github.com/jitsi/jitsi/commit/28f2f8e22a16592921dc773fe34b6e1846dd6e03,god_class_refactor_examples/2608+jitsi_jitsi+28f2f+OperationSetMultiUserChatYahooImpl+AbstractOperationSetMultiUserChat.csv,1
2655,jitsi_jitsi,7562dd005201968c21a21612fd42680e0962acbc,d36c3f5d96a4e669eed32132be923f1b3dfff67e,extractSuperclass,net.java.sip.communicator.impl.protocol.zeroconf.MessageZeroconfImpl,net.java.sip.communicator.impl.protocol.zeroconf.MessageZeroconfImpl net.java.sip.communicator.service.protocol.AbstractMessage ,Attempts to fix the problem of writingcyrillic text (it's just an example but it should happen with other encodings as well) and sending ??? instead and receiving cyrillic text which should be displayed correctly but is instead displayed as ???. ,https://github.com/jitsi/jitsi/commit/7562dd005201968c21a21612fd42680e0962acbc,god_class_refactor_examples/2655+jitsi_jitsi+7562d+MessageZeroconfImpl+AbstractMessage.csv,1
2675,jitsi_jitsi,2fe2f0d5dac8f3420fe8f55358938684c3a4d640,ecb95161eb71b98fdf0040aa1ca1ec1bd503db02,extractClass,net.java.sip.communicator.plugin.notificationconfiguration.NotificationConfigurationConfigForm,net.java.sip.communicator.plugin.notificationconfiguration.NotificationConfigurationConfigForm net.java.sip.communicator.plugin.notificationconfiguration.NotificationConfigurationForm ,Prevents .plugin.notificationconfiguration from creating the UI of its ConfigurationForm implementation at start up and delays it until it's really necessary. ,https://github.com/jitsi/jitsi/commit/2fe2f0d5dac8f3420fe8f55358938684c3a4d640,god_class_refactor_examples/2675+jitsi_jitsi+2fe2f+NotificationConfigurationConfigForm+NotificationConfigurationForm.csv,1
2727,joelittlejohn_jsonschema2pojo,f14ffbbe193e19a978e1b9dd0db50781d36786be,5d94cf7eb538a21f4b8e40ecc016f95204f3523e,extractClass,org.jsonschema2pojo.rules.ObjectRule,org.jsonschema2pojo.rules.ObjectRule org.jsonschema2pojo.util.ReflectionHelper ,Added inheritance support to the InnerBuilder implementation ,https://github.com/joelittlejohn/jsonschema2pojo/commit/f14ffbbe193e19a978e1b9dd0db50781d36786be,god_class_refactor_examples/2727+joelittlejohn_jsonschema2pojo+f14ff+ObjectRule+ReflectionHelper.csv,1
2737,journeyapps_zxing-android-embedded,0009a9c8b9c1a249e4181eaacd82ad48354f4630,1c357625fbe685df10d62cee5f592ca3eb79c8f4,extractSuperclass,com.journeyapps.barcodescanner.BarcodeView,com.journeyapps.barcodescanner.BarcodeView com.journeyapps.barcodescanner.CameraPreview ,Extract generic camera functionlity into CameraPreview. ,https://github.com/journeyapps/zxing-android-embedded/commit/0009a9c8b9c1a249e4181eaacd82ad48354f4630,god_class_refactor_examples/2737+journeyapps_zxing-android-embedded+0009a+BarcodeView+CameraPreview.csv,1
2738,journeyapps_zxing-android-embedded,9056458ea8b7d40f948908969a87148c3c727d6a,bb5d984c0ca836d45279d1def97e3a01434cfb6d,extractClass,com.journeyapps.barcodescanner.camera.CameraManager,com.journeyapps.barcodescanner.camera.CameraManager com.journeyapps.barcodescanner.camera.CameraSettings com.journeyapps.barcodescanner.camera.DisplayConfiguration ,Fix orientation issues. ,https://github.com/journeyapps/zxing-android-embedded/commit/9056458ea8b7d40f948908969a87148c3c727d6a,god_class_refactor_examples/2738+journeyapps_zxing-android-embedded+90564+CameraManager+DisplayConfiguration.csv,2
2840,networknt_light-4j,16e85b8af6f5babc44ef705e3b4708024a12c11a,edc9231ece98e6bb30a01becd2c4e9be7399ba7d,extractSuperclass,com.networknt.audit.AuditHandlerTest,com.networknt.audit.AuditHandlerTest com.networknt.audit.AuditHandlerTestBase ,Fix/#876  LightHttpHandler is getting auditOnError and auditStackTrace config properly. (#882)  * issue #876  - now LightHttpHandler is getting auditOnError and auditStackTrace correctly.    * issue - #876  - added auditConfig check  - refactored tests for audit  - adjusted tests for audit  - removed unused handler.yml    * issue - #876  - updated comment,https://github.com/networknt/light-4j/commit/16e85b8af6f5babc44ef705e3b4708024a12c11a,god_class_refactor_examples/2840+networknt_light-4j+16e85+AuditHandlerTest+AuditHandlerTestBase.csv,1
2854,networknt_light-4j,f53b315d31845b026b3ed1b2e28c132676a450eb,5203d9ab8e20ec8d71b6166bd318afc22193b4a3,extractClass,com.networknt.client.Http2ClientTest,com.networknt.client.Http2ClientTest com.networknt.client.Http2ClientIT ,fixes #120 Split integration tests from unit tests ,https://github.com/networknt/light-4j/commit/f53b315d31845b026b3ed1b2e28c132676a450eb,god_class_refactor_examples/2854+networknt_light-4j+f53b3+Http2ClientTest+Http2ClientIT.csv,1
2869,pedant_sweet-alert-dialog,f59e100b3c3187aacb8e0d44310817f24c5144e3,388ceb08f17dbf632d65375bea63dde1dcebf333,extractClass,cn.pedant.SweetAlert.SweetAlertDialog,cn.pedant.SweetAlert.SweetAlertDialog cn.pedant.SweetAlert.ProgressHelper ,"rebuild apis for  materialish-progress, delete .idea files, simplify progress implement ",https://github.com/pedant/sweet-alert-dialog/commit/f59e100b3c3187aacb8e0d44310817f24c5144e3,god_class_refactor_examples/2869+pedant_sweet-alert-dialog+f59e1+SweetAlertDialog+ProgressHelper.csv,1
2890,pmd_pmd,30b76285e3d65ecc946ebeb7315e95abfda451b9,ac94110fc4e7e40fa85bc0804abb22c54c5ccb0c,extractClass,net.sourceforge.pmd.lang.java.typeresolution.TypeHelper,net.sourceforge.pmd.lang.java.typeresolution.TypeHelper net.sourceforge.pmd.lang.java.types.TypeTestUtil net.sourceforge.pmd.lang.java.types.TypesFromReflection ,Add replacement for TypeHelper ,https://github.com/pmd/pmd/commit/30b76285e3d65ecc946ebeb7315e95abfda451b9,god_class_refactor_examples/2890+pmd_pmd+30b76+TypeHelper+TypesFromReflection.csv,2
2930,projectlombok_lombok,d11e6e3115d783650a6f49984d496e0ae157b955,2ae0341a3f3656ec29094a16d9c9bbfc6f4ba1d3,extractClass,lombok.eclipse.agent.PatchFixes,lombok.eclipse.agent.PatchFixes lombok.eclipse.agent.PatchDelegate lombok.eclipse.agent.PatchVal.Reflection lombok.eclipse.agent.PatchVal ,Moved patch code specific to val and delegate to their own class.  @Delegate in eclipse works pretty much exactly as designed at this point!,https://github.com/projectlombok/lombok/commit/d11e6e3115d783650a6f49984d496e0ae157b955,god_class_refactor_examples/2930+projectlombok_lombok+d11e6+PatchFixes+PatchVal.csv,3
2969,puniverse_quasar,8bf84acf152d79347ea4252a2bbf1e95d6c51675,e296c255eaa82b348eb6d85a731b949f4598f7ec,extractSubclass,co.paralleluniverse.actors.behaviors.Supervisor,co.paralleluniverse.actors.behaviors.Supervisor co.paralleluniverse.actors.behaviors.LocalSupervisor ,Initial implementation of remote behaviors ,https://github.com/puniverse/quasar/commit/8bf84acf152d79347ea4252a2bbf1e95d6c51675,god_class_refactor_examples/2969+puniverse_quasar+8bf84+Supervisor+LocalSupervisor.csv,1
2978,puniverse_quasar,9533518c6cd8b126912e3435efa22d9f65968208,46bb8d992109e73ca8fcb6a350325bd06b9bcbae,extractSubclass,co.paralleluniverse.actors.Actor,co.paralleluniverse.actors.Actor co.paralleluniverse.actors.LocalActor ,Refactored LocalActor out of Actor ,https://github.com/puniverse/quasar/commit/9533518c6cd8b126912e3435efa22d9f65968208,god_class_refactor_examples/2978+puniverse_quasar+95335+Actor+LocalActor.csv,1
2987,puniverse_quasar,77fba4b9d55b940f04d27d841c25a4d2fd67bcfe,bf17d17b97a207d4666e59e497f381f25bceb0a4,extractClass,co.paralleluniverse.lwthreads.datastruct.SingleConsumerArrayQueue,co.paralleluniverse.lwthreads.datastruct.SingleConsumerArrayQueue co.paralleluniverse.lwthreads.datastruct.SingleConsumerArrayDWordQueue co.paralleluniverse.lwthreads.datastruct.SingleConsumerArrayObjectQueue ,added primitive SCQs ,https://github.com/puniverse/quasar/commit/77fba4b9d55b940f04d27d841c25a4d2fd67bcfe,god_class_refactor_examples/2987+puniverse_quasar+77fba+SingleConsumerArrayQueue+SingleConsumerArrayObjectQueue.csv,2
3029,qii_weiciyuan,e0c5a63bae0a8f74aaa2dd8bf79631726d442c57,276a6c95957c455a0b06e7078a100d6158ecea5f,extractClass,org.qii.weiciyuan.ui.interfaces.AbstractAppActivity,org.qii.weiciyuan.ui.interfaces.AbstractAppActivity org.qii.weiciyuan.support.asyncdrawable.TimeLineBitmapDownloader ,refactor async bitmap download ,https://github.com/qii/weiciyuan/commit/e0c5a63bae0a8f74aaa2dd8bf79631726d442c57,god_class_refactor_examples/3029+qii_weiciyuan+e0c5a+AbstractAppActivity+TimeLineBitmapDownloader.csv,1
3090,qos-ch_logback,173c3cdcec04441a6d32c4af9ea0a78a2315efd8,2323a1f41f8a2f662135738ccb6e91383ea050ee,extractSuperclass,ch.qos.logback.core.rolling.TimeBasedRollingTest,ch.qos.logback.core.rolling.TimeBasedRollingTest ch.qos.logback.core.rolling.ScaffoldingForRollingTests ,#NAME?,https://github.com/qos-ch/logback/commit/173c3cdcec04441a6d32c4af9ea0a78a2315efd8,god_class_refactor_examples/3090+qos-ch_logback+173c3+TimeBasedRollingTest+ScaffoldingForRollingTests.csv,1
3101,qos-ch_logback,9c54e49c275b1a71cb6cafdca0506f39470d44c4,6b971bb3c493b23bf160962cdeb232e8ba594f11,extractSuperclass,ch.qos.logback.classic.net.JMSTopicAppender,ch.qos.logback.classic.net.JMSTopicAppender ch.qos.logback.core.net.JMSAppenderBase ,Refactored JMS**Appender.  ,https://github.com/qos-ch/logback/commit/9c54e49c275b1a71cb6cafdca0506f39470d44c4,god_class_refactor_examples/3101+qos-ch_logback+9c54e+JMSTopicAppender+JMSAppenderBase.csv,1
